enabled,priority_rank,source_origin,source_type,source_ref,source_title,source_language,author_name,channel_url,description,keywords,published,published_at,published_post_ids
true,1,bibleproject_shorts_ru,short,https://www.youtube.com/shorts/bjSypPQkhLA,1 Peter 4:17-19 in modern translation #bible #biblevision,en,ICOC Insights,https://www.youtube.com/@biblevisionru/shorts,,,,,
true,2,bibleproject_shorts_ru,short,https://www.youtube.com/shorts/kmpfZLRqd7Y,Psalm 89:50-53 in modern translation #bible #biblevision,en,ICOC Insights,https://www.youtube.com/@biblevisionru/shorts,,,,,
true,3,bibleproject_shorts_ru,short,https://www.youtube.com/shorts/nX_oQMa86fQ,Psalm 68:2-4 in modern translation #bible #biblevision,en,ICOC Insights,https://www.youtube.com/@biblevisionru/shorts,,,,,
true,4,bibleproject_shorts_ru,short,https://www.youtube.com/shorts/_kplXPRtV3o,James 3:12-13 in modern translation #bible #biblevision,en,ICOC Insights,https://www.youtube.com/@biblevisionru/shorts,,,,,
true,5,bibleproject_shorts_ru,short,https://www.youtube.com/shorts/-3oHfpX-i74,Psalm 58:15-18 in modern translation #bible #biblevision,en,ICOC Insights,https://www.youtube.com/@biblevisionru/shorts,,,,,
true,6,bibleproject_shorts_ru,short,https://www.youtube.com/shorts/VA6_oSvUeJo,Psalm 89:47-49 in modern translation #bible #biblevision,en,ICOC Insights,https://www.youtube.com/@biblevisionru/shorts,,,,,
true,7,bibleproject_shorts_ru,short,https://www.youtube.com/shorts/XNvEq52Etyc,1 Peter 4:14-16 in modern translation #bible #biblevision,en,ICOC Insights,https://www.youtube.com/@biblevisionru/shorts,,,,,
true,8,bibleproject_shorts_ru,short,https://www.youtube.com/shorts/MjjxOyL3DQY,James 3:4-7 in modern translation #bible #biblevision,en,ICOC Insights,https://www.youtube.com/@biblevisionru/shorts,,,,,
true,9,bibleproject_shorts_ru,short,https://www.youtube.com/shorts/iEMTVvSFx0Y,Psalm 129:1-4 in modern translation #bible #biblevision,en,ICOC Insights,https://www.youtube.com/@biblevisionru/shorts,,,,,
true,10,bibleproject_shorts_ru,short,https://www.youtube.com/shorts/6m_DryAW9-Q,Psalm 89:39-46 in modern translation #bible #biblevision,en,ICOC Insights,https://www.youtube.com/@biblevisionru/shorts,,,,,
true,11,bibleproject_shorts_ru,short,https://www.youtube.com/shorts/N1Bc6jdme8g,Psalm 58:11-14 in modern translation #bible #biblevision,en,ICOC Insights,https://www.youtube.com/@biblevisionru/shorts,,,,,
true,12,bibleproject_shorts_ru,short,https://www.youtube.com/shorts/-dYX72XmOjE,Psalm 104:39-45 in modern translation #bible #biblevision,en,ICOC Insights,https://www.youtube.com/@biblevisionru/shorts,,,,,
true,13,bibleproject_shorts_ru,short,https://www.youtube.com/shorts/S30e_U_LoP0,1 Peter 4:12-13 in modern translation #bible #biblevision,en,ICOC Insights,https://www.youtube.com/@biblevisionru/shorts,,,,,
true,14,bibleproject_shorts_ru,short,https://www.youtube.com/shorts/FogJeKZOveM,Psalm 58:7-10 in modern translation #bible #biblevision,en,ICOC Insights,https://www.youtube.com/@biblevisionru/shorts,,,,,
true,15,bibleproject_shorts_ru,short,https://www.youtube.com/shorts/5cKEftTh-vE,James 3:1-3 in modern translation #bible #biblevision,en,ICOC Insights,https://www.youtube.com/@biblevisionru/shorts,,,,,
true,16,bibleproject_shorts_ru,short,https://www.youtube.com/shorts/C0y65EgJ-aE,Psalm 104:24-38 in modern translation #bible #biblevision,en,ICOC Insights,https://www.youtube.com/@biblevisionru/shorts,,,,,
true,17,bibleproject_shorts_ru,short,https://www.youtube.com/shorts/MDB-w0OVrlU,Romans 4:16-17 in modern translation #bible #biblevision,en,ICOC Insights,https://www.youtube.com/@biblevisionru/shorts,,,,,
true,18,bibleproject_shorts_ru,short,https://www.youtube.com/shorts/AmZURASPd58,Psalm 72:25-28 in modern translation #bible #biblevision,en,ICOC Insights,https://www.youtube.com/@biblevisionru/shorts,,,,,
true,19,bibleproject_shorts_ru,short,https://www.youtube.com/shorts/JhRbiioKR5g,Psalm 104:11-23 in modern translation #bible #biblevision,en,ICOC Insights,https://www.youtube.com/@biblevisionru/shorts,,,,,
true,20,bibleproject_shorts_ru,short,https://www.youtube.com/shorts/Igt7dE1iNZo,Psalm 58:2-6 in modern translation #bible #biblevision,en,ICOC Insights,https://www.youtube.com/@biblevisionru/shorts,,,,,
true,21,bibleproject_shorts_ru,short,https://www.youtube.com/shorts/lyo5UJRjTLg,Psalm 72:20-24 in modern translation #bible #biblevision,en,ICOC Insights,https://www.youtube.com/@biblevisionru/shorts,,,,,
true,22,bibleproject_shorts_ru,short,https://www.youtube.com/shorts/aP7rX6295WY,Romans 4:13-15 in modern translation #bible #biblevision,en,ICOC Insights,https://www.youtube.com/@biblevisionru/shorts,,,,,
true,23,bibleproject_shorts_ru,short,https://www.youtube.com/shorts/nBNNGkm2wlo,1 Peter 4:11 in modern translation #bible #biblevision,en,ICOC Insights,https://www.youtube.com/@biblevisionru/shorts,,,,,
true,24,bibleproject_shorts_ru,short,https://www.youtube.com/shorts/7RNGBronN4Y,Psalm 104:7-10 in modern translation #bible #biblevision,en,ICOC Insights,https://www.youtube.com/@biblevisionru/shorts,,,,,
true,25,bibleproject_shorts_ru,short,https://www.youtube.com/shorts/-Oe5FOVo71s,1 Peter 4:9-10 in modern translation #bible #biblevision,en,ICOC Insights,https://www.youtube.com/@biblevisionru/shorts,,,,,
true,26,bibleproject_shorts_ru,short,https://www.youtube.com/shorts/iDO8Zt9xXFI,Romans 4:7-8 #bible #biblevision,en,ICOC Insights,https://www.youtube.com/@biblevisionru/shorts,,,,,
true,27,bibleproject_shorts_ru,short,https://www.youtube.com/shorts/haLIvQCqZcw,Psalm 69:5-6 #bible #biblevision,en,ICOC Insights,https://www.youtube.com/@biblevisionru/shorts,,,,,
true,28,bibleproject_shorts_ru,short,https://www.youtube.com/shorts/9SENIzXe11s,Romans 4:1-6 #bible #biblevision,en,ICOC Insights,https://www.youtube.com/@biblevisionru/shorts,,,,,
true,29,bibleproject_shorts_ru,short,https://www.youtube.com/shorts/oRkvp4zmksE,Psalm 69:1-4 #bible #biblevision,en,ICOC Insights,https://www.youtube.com/@biblevisionru/shorts,,,,,
true,30,bibleproject_shorts_ru,short,https://www.youtube.com/shorts/DWdu4RFzk0Y,Psalm 104:4-6 modern translation #bible #biblevision,en,ICOC Insights,https://www.youtube.com/@biblevisionru/shorts,,,,,
true,31,bibleproject_shorts_ru,short,https://www.youtube.com/shorts/4WwQnpfDs-g,Proverbs 6:12-15 modern translation #bible #biblevision,en,ICOC Insights,https://www.youtube.com/@biblevisionru/shorts,,,,,
true,32,bibleproject_shorts_ru,short,https://www.youtube.com/shorts/cuGLu0gw6Gw,Psalm 72:1-13 modern translation #bible #biblevision,en,ICOC Insights,https://www.youtube.com/@biblevisionru/shorts,,,,,
true,33,bibleproject_shorts_ru,short,https://www.youtube.com/shorts/z3U0CnlRR4Y,Psalm 104:1-3 modern translation #bible #biblevision,en,ICOC Insights,https://www.youtube.com/@biblevisionru/shorts,,,,,
true,34,bibleproject_shorts_ru,short,https://www.youtube.com/shorts/PnMCQDWJNYs,Proverbs 6:20-26 modern translation #bible #biblevision,en,ICOC Insights,https://www.youtube.com/@biblevisionru/shorts,,,,,
true,35,bibleproject_shorts_ru,short,https://www.youtube.com/shorts/IGI0BKj4j0E,1 Peter 4:1-6 modern translation #bible #biblevision,en,ICOC Insights,https://www.youtube.com/@biblevisionru/shorts,,,,,
true,36,bibleproject_shorts_ru,short,https://www.youtube.com/shorts/mC2Xa0atzMc,Psalm 66:16-17 modern translation #bible #biblevision,en,ICOC Insights,https://www.youtube.com/@biblevisionru/shorts,,,,,
true,37,bibleproject_shorts_ru,short,https://www.youtube.com/shorts/40tsZ7R6td4,Proverbs 6:16-19 modern translation #bible #biblevision,en,ICOC Insights,https://www.youtube.com/@biblevisionru/shorts,,,,,
true,38,bibleproject_shorts_ru,short,https://www.youtube.com/shorts/5Ltu8v6Oeac,Psalm 89:31-38 modern translation #bible #biblevision,en,ICOC Insights,https://www.youtube.com/@biblevisionru/shorts,,,,,
true,39,bibleproject_shorts_ru,short,https://www.youtube.com/shorts/SIxx_nqMZiQ,Proverbs 6:6-11 modern translation #bible #biblevision,en,ICOC Insights,https://www.youtube.com/@biblevisionru/shorts,,,,,
true,40,bibleproject_shorts_ru,short,https://www.youtube.com/shorts/cGYl2LGO31o,Hebrews 4:1-3 modern translation #bible #biblevision,en,ICOC Insights,https://www.youtube.com/@biblevisionru/shorts,,,,,
true,41,bibleproject_shorts_ru,short,https://www.youtube.com/shorts/6ysILcehADg,Psalm 89:25-30 modern translation #bible #biblevision,en,ICOC Insights,https://www.youtube.com/@biblevisionru/shorts,,,,,
true,42,bibleproject_shorts_ru,short,https://www.youtube.com/shorts/vGclkW573lU,Proverbs 6:1-5 modern translation #bible #biblevision,en,ICOC Insights,https://www.youtube.com/@biblevisionru/shorts,,,,,
true,43,bibleproject_shorts_ru,short,https://www.youtube.com/shorts/2njnzjI7h64,Psalm 88:15-19 modern translation #bible #biblevision,en,ICOC Insights,https://www.youtube.com/@biblevisionru/shorts,,,,,
true,44,bibleproject_shorts_ru,short,https://www.youtube.com/shorts/kLaLchC8QSs,Psalm 16:13-15 modern translation #bible #biblevision,en,ICOC Insights,https://www.youtube.com/@biblevisionru/shorts,,,,,
true,45,bibleproject_shorts_ru,short,https://www.youtube.com/shorts/Mw_CwN1NwO4,Psalm 89:13-17 modern translation #bible #biblevision,en,ICOC Insights,https://www.youtube.com/@biblevisionru/shorts,,,,,
true,46,bibleproject_shorts_ru,short,https://www.youtube.com/shorts/AkgS9CdCUe4,Psalm 16:6-12 modern translation #bible #biblevision,en,ICOC Insights,https://www.youtube.com/@biblevisionru/shorts,,,,,
true,47,bibleproject_shorts_ru,short,https://www.youtube.com/shorts/qGKe-v7C-ns,Psalm 90:8-12 modern translation #bible #biblevision,en,ICOC Insights,https://www.youtube.com/@biblevisionru/shorts,,,,,
true,48,bibleproject_shorts_ru,short,https://www.youtube.com/shorts/g8trNTJMUwU,Psalm 16:1-5 modern translation #bible #biblevision,en,ICOC Insights,https://www.youtube.com/@biblevisionru/shorts,,,,,
true,49,bibleproject_shorts_ru,short,https://www.youtube.com/shorts/LKQInqaAjdM,Psalm 89:16-24 (NLT) #biblevision,en,ICOC Insights,https://www.youtube.com/@biblevisionru/shorts,,,,,
true,50,bibleproject_shorts_ru,short,https://www.youtube.com/shorts/B4l3Txw50QM,Proverbs 8:32-36 modern translation #bible #biblevision,en,ICOC Insights,https://www.youtube.com/@biblevisionru/shorts,,,,,
true,51,bibleproject_shorts_ru,short,https://www.youtube.com/shorts/Ih_kPECCXHc,Luke 2:34-35 modern translation #bible #biblevision,en,ICOC Insights,https://www.youtube.com/@biblevisionru/shorts,,,,,
true,52,bibleproject_shorts_ru,short,https://www.youtube.com/shorts/2o-9T1-W8TU,Luke 2:15-20 modern translation #bible #biblevision,en,ICOC Insights,https://www.youtube.com/@biblevisionru/shorts,,,,,
true,53,bibleproject_shorts_ru,short,https://www.youtube.com/shorts/5QUgRTmoZ8U,Luke 2:14 modern translation #bible #biblevision,en,ICOC Insights,https://www.youtube.com/@biblevisionru/shorts,,,,,
true,54,bibleproject_shorts_ru,short,https://www.youtube.com/shorts/J_0Ddb3Eqe4,Luke 2:11-14 modern translation #bible #biblevision,en,ICOC Insights,https://www.youtube.com/@biblevisionru/shorts,,,,,
true,55,bibleproject_shorts_ru,short,https://www.youtube.com/shorts/mI-ERrbntYY,Luke 2:10-11 modern translation #bible #biblevision,en,ICOC Insights,https://www.youtube.com/@biblevisionru/shorts,,,,,
true,56,bibleproject_shorts_ru,short,https://www.youtube.com/shorts/FO--lYo3Law,Luke 2:6-11 modern translation #bible #biblevision,en,ICOC Insights,https://www.youtube.com/@biblevisionru/shorts,,,,,
true,57,bibleproject_shorts_ru,short,https://www.youtube.com/shorts/PPTCPSs5Yw8,Luke 1:76-79 modern translation #bible #biblevision,en,ICOC Insights,https://www.youtube.com/@biblevisionru/shorts,,,,,
true,58,bibleproject_shorts_ru,short,https://www.youtube.com/shorts/Myw0hZ9C92w,Luke 1:46-50 modern translation #bible #biblevision,en,ICOC Insights,https://www.youtube.com/@biblevisionru/shorts,,,,,
true,59,bibleproject_shorts_ru,short,https://www.youtube.com/shorts/KcQJ2Ezf_jA,Luke 1:30-32 modern translation #bible #biblevision,en,ICOC Insights,https://www.youtube.com/@biblevisionru/shorts,,,,,
true,60,bibleproject_shorts_ru,short,https://www.youtube.com/shorts/dcd98mId-5w,Proverbs 8:22-31 modern translation #bible #biblevision,en,ICOC Insights,https://www.youtube.com/@biblevisionru/shorts,,,,,
true,61,bibleproject_shorts_ru,short,https://www.youtube.com/shorts/oAE3kT76eZw,Psalm 89:9-15 modern translation #bible #biblevision,en,ICOC Insights,https://www.youtube.com/@biblevisionru/shorts,,,,,
true,62,bibleproject_shorts_ru,short,https://www.youtube.com/shorts/m5Y1DSarAd8,Psalm 51:17-21 (NLT) #biblevision,en,ICOC Insights,https://www.youtube.com/@biblevisionru/shorts,,,,,
true,63,bibleproject_shorts_ru,short,https://www.youtube.com/shorts/TLBML7E1lI4,Psalm 89:6-8 in modern translation #bible #biblevision,en,ICOC Insights,https://www.youtube.com/@biblevisionru/shorts,,,,,
true,64,bibleproject_shorts_ru,short,https://www.youtube.com/shorts/r_NPwEHeQGc,Psalm 90:2-7 modern translation #bible #biblevision,en,ICOC Insights,https://www.youtube.com/@biblevisionru/shorts,,,,,
true,65,bibleproject_shorts_ru,short,https://www.youtube.com/shorts/Jb5UFLEMnvU,Proverbs 8:12-21 in modern translation #bible #biblevision,en,ICOC Insights,https://www.youtube.com/@biblevisionru/shorts,,,,,
true,66,bibleproject_shorts_ru,short,https://www.youtube.com/shorts/7V-JyF22c6Q,Psalm 89:2-5 in modern translation #bible #biblevision,en,ICOC Insights,https://www.youtube.com/@biblevisionru/shorts,,,,,
true,67,bibleproject_shorts_ru,short,https://www.youtube.com/shorts/fbhlyrxeCO4,Proverbs 8:1-11 in modern translation #bible #biblevision,en,ICOC Insights,https://www.youtube.com/@biblevisionru/shorts,,,,,
true,68,bibleproject_shorts_ru,short,https://www.youtube.com/shorts/ZPth8EIrLYw,Psalm 51:12-16 in modern translation #bible #biblevision,en,ICOC Insights,https://www.youtube.com/@biblevisionru/shorts,,,,,
true,69,bibleproject_shorts_ru,short,https://www.youtube.com/shorts/W519HW2cFeM,Psalm 88:7-14 in modern translation #bible #biblevision,en,ICOC Insights,https://www.youtube.com/@biblevisionru/shorts,,,,,
true,70,bibleproject_shorts_ru,short,https://www.youtube.com/shorts/TZlWx3K3Xlk,Psalm 51:7-11 in modern translation #bible #biblevision,en,ICOC Insights,https://www.youtube.com/@biblevisionru/shorts,,,,,
true,71,bibleproject_shorts_ru,short,https://www.youtube.com/shorts/Om3zP35bzV4,Hebrews 4:4-7 in modern translation #bible #biblevision,en,ICOC Insights,https://www.youtube.com/@biblevisionru/shorts,,,,,
true,72,bibleproject_shorts_ru,short,https://www.youtube.com/shorts/pGBO80clmWc,Psalm 88:2-6 in modern translation #bible #biblevision,en,ICOC Insights,https://www.youtube.com/@biblevisionru/shorts,,,,,
true,73,bibleproject_shorts_ru,short,https://www.youtube.com/shorts/4Wa3J2WcpbE,Psalm 51:3-6 in modern translation #bible #biblevision,en,ICOC Insights,https://www.youtube.com/@biblevisionru/shorts,,,,,
true,74,bibleproject_shorts_ru,short,https://www.youtube.com/shorts/KuijuhAbs-A,Psalm 66:10-15 in modern translation #bible #biblevision,en,ICOC Insights,https://www.youtube.com/@biblevisionru/shorts,,,,,
true,75,bibleproject_shorts_ru,short,https://www.youtube.com/shorts/egx0F3CJYDA,Matthew 12:46-50 in modern translation #bible #biblevision,en,ICOC Insights,https://www.youtube.com/@biblevisionru/shorts,,,,,
true,76,bibleproject_shorts_ru,short,https://www.youtube.com/shorts/ywNUB0adaFs,Psalm 64:12-14 in modern translation #bible #biblevision,en,ICOC Insights,https://www.youtube.com/@biblevisionru/shorts,,,,,
true,77,bibleproject_shorts_ru,short,https://www.youtube.com/shorts/8D_9aHMG5Gs,Hebrews 4:14-16 in modern translation #bible #biblevision,en,ICOC Insights,https://www.youtube.com/@biblevisionru/shorts,,,,,
true,78,bibleproject_shorts_ru,short,https://www.youtube.com/shorts/bipxyRgAYO0,Psalm 66:18-20 in modern translation #bible #biblevision,en,ICOC Insights,https://www.youtube.com/@biblevisionru/shorts,,,,,
true,79,bibleproject_shorts_ru,short,https://www.youtube.com/shorts/uQhv4teLS5U,2 Timothy 3:12-15 in modern translation #bible #biblevision,en,ICOC Insights,https://www.youtube.com/@biblevisionru/shorts,,,,,
true,80,bibleproject_shorts_ru,short,https://www.youtube.com/shorts/6kyFgtNcac4,Matthew 12:43-45 in modern translation #bible #biblevision,en,ICOC Insights,https://www.youtube.com/@biblevisionru/shorts,,,,,
true,81,bibleproject_shorts_ru,short,https://www.youtube.com/shorts/naalf0sQ6vU,Psalm 64:9-11 in modern translation #bible #biblevision,en,ICOC Insights,https://www.youtube.com/@biblevisionru/shorts,,,,,
true,82,bibleproject_shorts_ru,short,https://www.youtube.com/shorts/EQYESWIMQws,Ecclesiastes 3:21-22 in modern translation #bible #biblevision,en,ICOC Insights,https://www.youtube.com/@biblevisionru/shorts,,,,,
true,83,bibleproject_shorts_ru,short,https://www.youtube.com/shorts/l2e6yxcbIus,Matthew 12:38-42 in modern translation #bible #biblevision,en,ICOC Insights,https://www.youtube.com/@biblevisionru/shorts,,,,,
true,84,bibleproject_shorts_ru,short,https://www.youtube.com/shorts/038z64w4kZw,Psalm 66:8-9 in modern translation #bible #biblevision,en,ICOC Insights,https://www.youtube.com/@biblevisionru/shorts,,,,,
true,85,bibleproject_shorts_ru,short,https://www.youtube.com/shorts/EqB4FYfrv64,Hebrews 4:12-13 in modern translation #bible #biblevision,en,ICOC Insights,https://www.youtube.com/@biblevisionru/shorts,,,,,
true,86,bibleproject_shorts_ru,short,https://www.youtube.com/shorts/6DTvlqMrh2Y,Psalm 64:5 in modern translation #bible #biblevision,en,ICOC Insights,https://www.youtube.com/@biblevisionru/shorts,,,,,
true,87,bibleproject_shorts_ru,short,https://www.youtube.com/shorts/NXkty92370w,Ecclesiastes 3:18-20 in modern translation #bible #biblevision,en,ICOC Insights,https://www.youtube.com/@biblevisionru/shorts,,,,,
true,88,bibleproject_shorts_ru,short,https://www.youtube.com/shorts/f_1UeCRIRbY,Psalm 66:5-7 in modern translation #bible #biblevision,en,ICOC Insights,https://www.youtube.com/@biblevisionru/shorts,,,,,
true,89,bibleproject_shorts_ru,short,https://www.youtube.com/shorts/Skm21Lxnuzo,Psalm 64:6-8 in modern translation #bible #biblevision,en,ICOC Insights,https://www.youtube.com/@biblevisionru/shorts,,,,,
true,90,bibleproject_shorts_ru,short,https://www.youtube.com/shorts/Kr70aIE7xEU,Matthew 12:35-37 in modern translation #bible #biblevision,en,ICOC Insights,https://www.youtube.com/@biblevisionru/shorts,,,,,
true,91,bibleproject_shorts_ru,short,https://www.youtube.com/shorts/TjjVNQ3uPOw,Psalm 66:1-4 in modern translation #bible #biblevision,en,ICOC Insights,https://www.youtube.com/@biblevisionru/shorts,,,,,
true,92,bibleproject_shorts_ru,short,https://www.youtube.com/shorts/_gnCD853n78,Matthew 12:32-34 in modern translation #bible #biblevision,en,ICOC Insights,https://www.youtube.com/@biblevisionru/shorts,,,,,
true,93,bibleproject_shorts_ru,short,https://www.youtube.com/shorts/eeJEpj6D0_I,2 Timothy 3:16-17 in modern translation #bible #biblevision,en,ICOC Insights,https://www.youtube.com/@biblevisionru/shorts,,,,,
true,94,bibleproject_shorts_ru,short,https://www.youtube.com/shorts/xWm7pLLZEZg,Psalm 64:2-4 in modern translation #bible #biblevision,en,ICOC Insights,https://www.youtube.com/@biblevisionru/shorts,,,,,
true,95,bibleproject_shorts_ru,short,https://www.youtube.com/shorts/M2G-ZjAD69U,Ecclesiastes 3:15-17 in modern translation #bible #biblevision,en,ICOC Insights,https://www.youtube.com/@biblevisionru/shorts,,,,,
true,96,bibleproject_shorts_ru,short,https://www.youtube.com/shorts/TsRZsy1qunQ,2 Timothy 3:1-5 in modern translation #bible #biblevision,en,ICOC Insights,https://www.youtube.com/@biblevisionru/shorts,,,,,
true,97,bibleproject_shorts_ru,short,https://www.youtube.com/shorts/uP8eTYrmWmk,Matthew 12:29-31 in modern translation #bible #biblevision,en,ICOC Insights,https://www.youtube.com/@biblevisionru/shorts,,,,,
true,98,bibleproject_shorts_ru,short,https://www.youtube.com/shorts/JBVClPC8syM,Psalm 47:12-15 in modern translation #bible #biblevision,en,ICOC Insights,https://www.youtube.com/@biblevisionru/shorts,,,,,
true,99,bibleproject_shorts_ru,short,https://www.youtube.com/shorts/i88f961PsnM,Ecclesiastes 3:13-14 in modern translation #bible #biblevision,en,ICOC Insights,https://www.youtube.com/@biblevisionru/shorts,,,,,
true,100,bibleproject_shorts_ru,short,https://www.youtube.com/shorts/7B6201MOUic,Matthew 12:25-28 in modern translation #bible #biblevision,en,ICOC Insights,https://www.youtube.com/@biblevisionru/shorts,,,,,
true,101,bibleproject_shorts_ru,short,https://www.youtube.com/shorts/amMEFAB33Rk,Psalm 47:10-11 in modern translation #bible #biblevision,en,ICOC Insights,https://www.youtube.com/@biblevisionru/shorts,,,,,
true,102,bibleproject_shorts_ru,short,https://www.youtube.com/shorts/cjooCkeKHCI,Matthew 12:18-21 in modern translation #bible #biblevision,en,ICOC Insights,https://www.youtube.com/@biblevisionru/shorts,,,,,
true,103,bibleproject_shorts_ru,short,https://www.youtube.com/shorts/z-BarzLqEkU,Ecclesiastes 3:9-12 in modern translation #bible #biblevision,en,ICOC Insights,https://www.youtube.com/@biblevisionru/shorts,,,,,
true,104,bibleproject_shorts_ru,short,https://www.youtube.com/shorts/PDEWPuXwOTo,Ecclesiastes 3:6-8 in modern translation #bible #biblevision,en,ICOC Insights,https://www.youtube.com/@biblevisionru/shorts,,,,,
true,105,bibleproject_shorts_ru,short,https://www.youtube.com/shorts/byxV3mPclEM,Psalm 47:4-9 in modern translation #bible #biblevision,en,ICOC Insights,https://www.youtube.com/@biblevisionru/shorts,,,,,
true,106,bibleproject_shorts_ru,short,https://www.youtube.com/shorts/ddDk4BY46nA,Ecclesiastes 3:4-5 in modern translation #bible #biblevision,en,ICOC Insights,https://www.youtube.com/@biblevisionru/shorts,,,,,
true,107,bibleproject_shorts_ru,short,https://www.youtube.com/shorts/dU5owh4AOZg,Psalm 47:2-3 in modern translation #bible #biblevision,en,ICOC Insights,https://www.youtube.com/@biblevisionru/shorts,,,,,
true,108,bibleproject_shorts_ru,short,https://www.youtube.com/shorts/3vlz4t6UFPM,Matthew 12:9-13 in modern translation #bible #biblevision,en,ICOC Insights,https://www.youtube.com/@biblevisionru/shorts,,,,,
true,109,bibleproject_shorts_ru,short,https://www.youtube.com/shorts/bVGRdhOZ6yg,Ecclesiastes 3:1-3 in modern translation #bible #biblevision,en,ICOC Insights,https://www.youtube.com/@biblevisionru/shorts,,,,,
true,110,bibleproject_shorts_ru,short,https://www.youtube.com/shorts/ktrBt-AOVv0,Matthew 12:1-8 in modern translation #bible #biblevision,en,ICOC Insights,https://www.youtube.com/@biblevisionru/shorts,,,,,
true,111,bibleproject_shorts_ru,short,https://www.youtube.com/shorts/wPPLgBpWRLo,Psalm 109:1-13 in modern translation #bible #biblevision,en,ICOC Insights,https://www.youtube.com/@biblevisionru/shorts,,,,,
true,112,bibleproject_shorts_ru,short,https://www.youtube.com/shorts/P1lp0rBNwbw,Psalm 105:47-48 in modern translation #bible #biblevision,en,ICOC Insights,https://www.youtube.com/@biblevisionru/shorts,,,,,
true,113,bibleproject_shorts_ru,short,https://www.youtube.com/shorts/Gx_-HC4yf_8,Psalm 105:40-46 in modern translation #bible #biblevision,en,ICOC Insights,https://www.youtube.com/@biblevisionru/shorts,,,,,
true,114,bibleproject_shorts_ru,short,https://www.youtube.com/shorts/XS-nr-zfGV8,Psalm 107:8-14 in modern translation #bible #biblevision,en,ICOC Insights,https://www.youtube.com/@biblevisionru/shorts,,,,,
true,115,bibleproject_shorts_ru,short,https://www.youtube.com/shorts/nFcdrhh_Fto,Psalm 105:32-39 in modern translation #bible #biblevision,en,ICOC Insights,https://www.youtube.com/@biblevisionru/shorts,,,,,
true,116,bibleproject_shorts_ru,short,https://www.youtube.com/shorts/9jZIsyG0oEM,Psalm 109:26-31 in modern translation #bible #biblevision,en,ICOC Insights,https://www.youtube.com/@biblevisionru/shorts,,,,,
true,117,bibleproject_shorts_ru,short,https://www.youtube.com/shorts/NSzjfS1T_tU,Psalm 105:24-31 in modern translation #bible #biblevision,en,ICOC Insights,https://www.youtube.com/@biblevisionru/shorts,,,,,
true,118,bibleproject_shorts_ru,short,https://www.youtube.com/shorts/lO0Ln3e970Q,Psalm 107:2-7 in modern translation #bible #biblevision,en,ICOC Insights,https://www.youtube.com/@biblevisionru/shorts,,,,,
true,119,bibleproject_shorts_ru,short,https://www.youtube.com/shorts/dmulmxWqCns,Psalm 105:19-23 in modern translation #bible #biblevision,en,ICOC Insights,https://www.youtube.com/@biblevisionru/shorts,,,,,
true,120,bibleproject_shorts_ru,short,https://www.youtube.com/shorts/EXzpdEOeZT8,Psalm 109:20-25 in modern translation #bible #biblevision,en,ICOC Insights,https://www.youtube.com/@biblevisionru/shorts,,,,,
true,121,bibleproject_shorts_ru,short,https://www.youtube.com/shorts/DMRx27_rELc,Psalm 109:14-19 in modern translation #bible #biblevision,en,ICOC Insights,https://www.youtube.com/@biblevisionru/shorts,,,,,
true,122,bibleproject_shorts_ru,short,https://www.youtube.com/shorts/z9jf2AkhrOI,Ephesians 6:21-24 in modern translation #bible #biblevision,en,ICOC Insights,https://www.youtube.com/@biblevisionru/shorts,,,,,
true,123,bibleproject_shorts_ru,short,https://www.youtube.com/shorts/TT5ddljwGRc,Psalm 105:13-18 in modern translation #bible #biblevision,en,ICOC Insights,https://www.youtube.com/@biblevisionru/shorts,,,,,
true,124,bibleproject_shorts_ru,short,https://www.youtube.com/shorts/3gN9gbm2yTI,Psalm 105:8-12 in modern translation #bible #biblevision,en,ICOC Insights,https://www.youtube.com/@biblevisionru/shorts,,,,,
true,125,bibleproject_shorts_ru,short,https://www.youtube.com/shorts/Iw2v--LCOzw,Ephesians 6:18-20 in modern translation #bible #biblevision,en,ICOC Insights,https://www.youtube.com/@biblevisionru/shorts,,,,,
true,126,bibleproject_shorts_ru,short,https://www.youtube.com/shorts/fNZ0ccYTAxY,Psalm 105:1-3 in modern translation #bible #biblevision,en,ICOC Insights,https://www.youtube.com/@biblevisionru/shorts,,,,,
true,127,bibleproject_shorts_ru,short,https://www.youtube.com/shorts/JNQ2WlqCxl4,Psalm 149:5-9 in modern translation #bible #biblevision,en,ICOC Insights,https://www.youtube.com/@biblevisionru/shorts,,,,,
true,128,bibleproject_shorts_ru,short,https://www.youtube.com/shorts/D4zLFdLtL1A,Псалом 149:1-4 в современном переводе #библия #biblevision,uk,ICOC Insights,https://www.youtube.com/@biblevisionru/shorts,,,,,
true,129,bibleproject_shorts_ru,short,https://www.youtube.com/shorts/BHcxZh7c5ac,Эфесянам 6:1-4 в современном переводе #библия #biblevision,ru,ICOC Insights,https://www.youtube.com/@biblevisionru/shorts,,,,,
true,130,bibleproject_shorts_ru,short,https://www.youtube.com/shorts/BFbE_7umlP0,Псалом 112:1-4 в современном переводе #библия #biblevision,uk,ICOC Insights,https://www.youtube.com/@biblevisionru/shorts,,,,,
true,131,bibleproject_shorts_ru,short,https://www.youtube.com/shorts/by0p7mZ209M,Псалом 119:1-7 в современном переводе #библия #biblevision,uk,ICOC Insights,https://www.youtube.com/@biblevisionru/shorts,,,,,
true,132,bibleproject_shorts_ru,short,https://www.youtube.com/shorts/aCFhXE-vfDw,Псалом 116:1-2 в современном переводе #библия #biblevision,uk,ICOC Insights,https://www.youtube.com/@biblevisionru/shorts,,,,,
true,133,bibleproject_shorts_ru,short,https://www.youtube.com/shorts/JmLr88kZ6Ao,Псалом 97:1-4 в современном переводе #библия #biblevision,uk,ICOC Insights,https://www.youtube.com/@biblevisionru/shorts,,,,,
true,134,bibleproject_shorts_ru,short,https://www.youtube.com/shorts/h2I65BJ1paI,Ecclesiastes 3:1-5 in modern translation #bible #biblevision,en,ICOC Insights,https://www.youtube.com/@biblevisionru/shorts,,,,,
true,135,bibleproject_shorts_ru,short,https://www.youtube.com/shorts/UTWlKaLIw6Q,Исаия 61:9-11 в современном переводе #библия #biblevision,uk,ICOC Insights,https://www.youtube.com/@biblevisionru/shorts,,,,,
true,136,bibleproject_shorts_ru,short,https://www.youtube.com/shorts/EmsxN4IZK5M,Galatians 5:22-26 in modern translation #bible #biblevision,en,ICOC Insights,https://www.youtube.com/@biblevisionru/shorts,,,,,
true,137,bibleproject_shorts_ru,short,https://www.youtube.com/shorts/b23SdHa_-Ps,Второзаконие 30:11-15 в современном переводе #библия #biblevision,uk,ICOC Insights,https://www.youtube.com/@biblevisionru/shorts,,,,,
true,138,bibleproject_shorts_ru,short,https://www.youtube.com/shorts/PMHAcjSWkDc,Галатам 5:19-21 в современном переводе #библия #biblevision,uk,ICOC Insights,https://www.youtube.com/@biblevisionru/shorts,,,,,
true,139,bibleproject_shorts_ru,short,https://www.youtube.com/shorts/tV3RrUaIoUc,Исаия 61:1-7 в современном переводе #библия #biblevision,uk,ICOC Insights,https://www.youtube.com/@biblevisionru/shorts,,,,,
true,140,bibleproject_shorts_ru,short,https://www.youtube.com/shorts/8Rgd9mjaUvY,Второзаконие 30:9-10 в современном переводе #библия #biblevision,uk,ICOC Insights,https://www.youtube.com/@biblevisionru/shorts,,,,,
true,141,bibleproject_shorts_ru,short,https://www.youtube.com/shorts/2ae_Oll178c,Филиппийцам 2:16-18 в современном переводе #библия #biblevision,uk,ICOC Insights,https://www.youtube.com/@biblevisionru/shorts,,,,,
true,142,bibleproject_shorts_ru,short,https://www.youtube.com/shorts/NLjHQAb0zhE,Галатам 5:13-18 в современном переводе #библия #biblevision,uk,ICOC Insights,https://www.youtube.com/@biblevisionru/shorts,,,,,
true,143,bibleproject_shorts_ru,short,https://www.youtube.com/shorts/kUQ6YxDlxuw,Deuteronomy 30:4-8 in modern translation #bible #biblevision,en,ICOC Insights,https://www.youtube.com/@biblevisionru/shorts,,,,,
true,144,bibleproject_shorts_ru,short,https://www.youtube.com/shorts/-GdS3HukgUA,Исаия 55:10-13 в современном переводе #библия #biblevision,uk,ICOC Insights,https://www.youtube.com/@biblevisionru/shorts,,,,,
true,145,bibleproject_shorts_ru,short,https://www.youtube.com/shorts/MbaChwCxdL0,Филиппийцам 2:12-15 в современном переводе #библия #biblevision,uk,ICOC Insights,https://www.youtube.com/@biblevisionru/shorts,,,,,
true,146,bibleproject_shorts_ru,short,https://www.youtube.com/shorts/dcH6BtnLW78,Галатам 5:7-12 в современном переводе #библия #biblevision,uk,ICOC Insights,https://www.youtube.com/@biblevisionru/shorts,,,,,
true,147,bibleproject_shorts_ru,short,https://www.youtube.com/shorts/IOnfIjKt6tE,Филиппийцам 2:5-11 современном переводе #библия #biblevision,uk,ICOC Insights,https://www.youtube.com/@biblevisionru/shorts,,,,,
true,148,bibleproject_shorts_ru,short,https://www.youtube.com/shorts/lLQbwGb5E3E,Филиппийцам 2:1-4  современном переводе #библия #biblevision,uk,ICOC Insights,https://www.youtube.com/@biblevisionru/shorts,,,,,
true,149,bibleproject_shorts_ru,short,https://www.youtube.com/shorts/xhNTzpHcxGA,Исаии 55:6-9 в современном переводе #библия #biblevision,uk,ICOC Insights,https://www.youtube.com/@biblevisionru/shorts,,,,,
true,150,bibleproject_shorts_ru,short,https://www.youtube.com/shorts/w28gFbs1qVQ,Второзаконие 30:1-3 в современном переводе #библия #biblevision,uk,ICOC Insights,https://www.youtube.com/@biblevisionru/shorts,,,,,
true,151,bibleproject_shorts_ru,short,https://www.youtube.com/shorts/19tKMSFdHq8,Галатам 5:1-6 в современном переводе #библия #biblevision,uk,ICOC Insights,https://www.youtube.com/@biblevisionru/shorts,,,,,
true,152,bibleproject_shorts_ru,short,https://www.youtube.com/shorts/wL5I4bUEb_g,Исаии 55:1-5 в современном переводе #библия #biblevision,uk,ICOC Insights,https://www.youtube.com/@biblevisionru/shorts,,,,,
true,153,bibleproject_shorts_ru,short,https://www.youtube.com/shorts/Md5gDTNDSsA,Псалом 38:13-14 в современном переводе #библия #biblevision,uk,ICOC Insights,https://www.youtube.com/@biblevisionru/shorts,,,,,
true,154,bibleproject_shorts_ru,short,https://www.youtube.com/shorts/T4Cm49PCdmg,Ecclesiastes 5:12-19 in modern translation #bible #biblevision,en,ICOC Insights,https://www.youtube.com/@biblevisionru/shorts,,,,,
true,155,bibleproject_shorts_ru,short,https://www.youtube.com/shorts/zibOy_nUroc,Псалом 62:7-12 в современном переводе #библия #biblevision,uk,ICOC Insights,https://www.youtube.com/@biblevisionru/shorts,,,,,
true,156,bibleproject_shorts_ru,short,https://www.youtube.com/shorts/XxLjkhnEiME,Екклесиаста 5:6-11 в современном переводе #библия #biblevision,uk,ICOC Insights,https://www.youtube.com/@biblevisionru/shorts,,,,,
true,157,bibleproject_shorts_ru,short,https://www.youtube.com/shorts/Ss2vMmlyklA,Псалом 38:7-12 в современном переводе #библия #biblevision,uk,ICOC Insights,https://www.youtube.com/@biblevisionru/shorts,,,,,
true,158,bibleproject_shorts_ru,short,https://www.youtube.com/shorts/pzUZoqClWLw,Екклесиаста 4:13-17 в современном переводе #библия #biblevision,uk,ICOC Insights,https://www.youtube.com/@biblevisionru/shorts,,,,,
true,159,bibleproject_shorts_ru,short,https://www.youtube.com/shorts/Ny2qvm0Ycsc,Екклесиаста 4:8-12 в современном переводе #библия #biblevision,uk,ICOC Insights,https://www.youtube.com/@biblevisionru/shorts,,,,,
true,160,bibleproject_shorts_ru,short,https://www.youtube.com/shorts/MIuy6K053pI,Екклесиаста 5:1-6 в современном переводе #библия #biblevision,uk,ICOC Insights,https://www.youtube.com/@biblevisionru/shorts,,,,,
true,161,bibleproject_shorts_ru,short,https://www.youtube.com/shorts/Ot5dQXuqOC4,Псалом 62:2-6 в современном переводе #библия #biblevision,uk,ICOC Insights,https://www.youtube.com/@biblevisionru/shorts,,,,,
true,162,bibleproject_shorts_ru,short,https://www.youtube.com/shorts/_2kfS2PepDY,Екклесиаста 4:1-7 в современном переводе #библия #biblevision,uk,ICOC Insights,https://www.youtube.com/@biblevisionru/shorts,,,,,
true,163,bibleproject_shorts_ru,short,https://www.youtube.com/shorts/l49wMyU6fKg,Псалом 38:2-6 в современном переводе #библия #biblevision,uk,ICOC Insights,https://www.youtube.com/@biblevisionru/shorts,,,,,
true,164,bibleproject_shorts_ru,short,https://www.youtube.com/shorts/MQ6Jtb1J0EQ,Исаия 64:9-12  в современном переводе #библия #biblevision,uk,ICOC Insights,https://www.youtube.com/@biblevisionru/shorts,,,,,
true,165,bibleproject_shorts_ru,short,https://www.youtube.com/shorts/5k4uftX3mNQ,Daniel 9:18-20 in modern translation #bible #biblevision,en,ICOC Insights,https://www.youtube.com/@biblevisionru/shorts,,,,,
true,166,bibleproject_shorts_ru,short,https://www.youtube.com/shorts/bNHeBDPp7Qc,Psalm 36:10-15 in modern translation #bible #biblevision,en,ICOC Insights,https://www.youtube.com/@biblevisionru/shorts,,,,,
true,167,bibleproject_shorts_ru,short,https://www.youtube.com/shorts/TWOYkLEtvMA,Псалом 36:20-22  в современном переводе #библия #biblevision,uk,ICOC Insights,https://www.youtube.com/@biblevisionru/shorts,,,,,
true,168,bibleproject_shorts_ru,short,https://www.youtube.com/shorts/6P2kOesXUcM,Екклесиаста 3:19-22  в современном переводе #библия #biblevision,uk,ICOC Insights,https://www.youtube.com/@biblevisionru/shorts,,,,,
true,169,bibleproject_shorts_ru,short,https://www.youtube.com/shorts/Ly-7BvM3DE8,Даниила 9:15-17 в современном переводе #библия #biblevision,uk,ICOC Insights,https://www.youtube.com/@biblevisionru/shorts,,,,,
true,170,bibleproject_shorts_ru,short,https://www.youtube.com/shorts/paPVDrboptc,Исход 15:16-18 в современном переводе #библия #biblevision,uk,ICOC Insights,https://www.youtube.com/@biblevisionru/shorts,,,,,
true,171,bibleproject_shorts_ru,short,https://www.youtube.com/shorts/Ktmm6DeeS9I,Psalm 36:35-40 in modern translation #bible #biblevision,en,ICOC Insights,https://www.youtube.com/@biblevisionru/shorts,,,,,
true,172,bibleproject_shorts_ru,short,https://www.youtube.com/shorts/g_VJmhAPCyc,Псалом 76:5-10 в современном переводе #библия #biblevision,uk,ICOC Insights,https://www.youtube.com/@biblevisionru/shorts,,,,,
true,173,bibleproject_shorts_ru,short,https://www.youtube.com/shorts/QGyowHxmi8g,Псалом 96:10-12 в современном переводе #библия #biblevision,uk,ICOC Insights,https://www.youtube.com/@biblevisionru/shorts,,,,,
true,174,bibleproject_shorts_ru,short,https://www.youtube.com/shorts/QEGFpL6DYXQ,Екклесиаста 3:6-8 в современном переводе #библия #biblevision,uk,ICOC Insights,https://www.youtube.com/@biblevisionru/shorts,,,,,
true,175,bibleproject_shorts_ru,short,https://www.youtube.com/shorts/cywx7yITPqE,Исаии 64:7-8 в современном переводе #библия #biblevision,uk,ICOC Insights,https://www.youtube.com/@biblevisionru/shorts,,,,,
true,176,bibleproject_shorts_ru,short,https://www.youtube.com/shorts/1lR68FZCT1o,Луки 24:46-51 в современном переводе #библия #biblevision,uk,ICOC Insights,https://www.youtube.com/@biblevisionru/shorts,,,,,
true,177,bibleproject_shorts_ru,short,https://www.youtube.com/shorts/W_RFni1l8K0,Луки 24:36-39 в современном переводе #библия #biblevision,uk,ICOC Insights,https://www.youtube.com/@biblevisionru/shorts,,,,,
true,178,bibleproject_shorts_ru,short,https://www.youtube.com/shorts/fW3XAPN3mqo,Луки 24:5-8 в современном переводе #библия #biblevision,uk,ICOC Insights,https://www.youtube.com/@biblevisionru/shorts,,,,,
true,179,bibleproject_shorts_ru,short,https://www.youtube.com/shorts/DSBx_Tl0SFI,Луки 23:39-46 в современном переводе #библия #biblevision,uk,ICOC Insights,https://www.youtube.com/@biblevisionru/shorts,,,,,
true,180,bibleproject_shorts_ru,short,https://www.youtube.com/shorts/yt_YLHlI1_I,Луки 22:25-30 в современном переводе #библия #biblevision,uk,ICOC Insights,https://www.youtube.com/@biblevisionru/shorts,,,,,
true,181,bibleproject_shorts_ru,short,https://www.youtube.com/shorts/UIYIl6qIsR8,Luke 22:15-22 in modern translation #bible #biblevision,en,ICOC Insights,https://www.youtube.com/@biblevisionru/shorts,,,,,
true,182,bibleproject_shorts_ru,short,https://www.youtube.com/shorts/ojvK4Lag5LI,Псалом 36:30-34 в современном переводе #библия #biblevision,uk,ICOC Insights,https://www.youtube.com/@biblevisionru/shorts,,,,,
true,183,bibleproject_shorts_ru,short,https://www.youtube.com/shorts/eu52gt_O6XI,Исаии 64:4-6 в современном переводе #библия #biblevision,uk,ICOC Insights,https://www.youtube.com/@biblevisionru/shorts,,,,,
true,184,bibleproject_shorts_ru,short,https://www.youtube.com/shorts/RaMVtlihZss,Псалом 96:6-9 в современном переводе #библия #biblevision,uk,ICOC Insights,https://www.youtube.com/@biblevisionru/shorts,,,,,
true,185,bibleproject_shorts_ru,short,https://www.youtube.com/shorts/BunDjjzxibo,Даниила 9:12-14 в современном переводе #библия #biblevision,uk,ICOC Insights,https://www.youtube.com/@biblevisionru/shorts,,,,,
true,186,bibleproject_shorts_ru,short,https://www.youtube.com/shorts/b49JvrklOBQ,Псалом 36:27-29 в современном переводе #библия #biblevision,uk,ICOC Insights,https://www.youtube.com/@biblevisionru/shorts,,,,,
true,187,bibleproject_shorts_ru,short,https://www.youtube.com/shorts/ARpbNFnjl5Q,Исаии 64:1-3 в современном переводе #библия #biblevision,uk,ICOC Insights,https://www.youtube.com/@biblevisionru/shorts,,,,,
true,188,bibleproject_shorts_ru,short,https://www.youtube.com/shorts/CoyQlUAj0yA,Псалом 96:1-5 в современном переводе #библия #biblevision,uk,ICOC Insights,https://www.youtube.com/@biblevisionru/shorts,,,,,
true,189,bibleproject_shorts_ru,short,https://www.youtube.com/shorts/sQSfFeFtoZc,Daniel 9:8-11 in modern translation #bible #biblevision,en,ICOC Insights,https://www.youtube.com/@biblevisionru/shorts,,,,,
true,190,bibleproject_shorts_ru,short,https://www.youtube.com/shorts/9AF7runuHGo,Псалом 36:23-26 в современном переводе #библия #biblevision,uk,ICOC Insights,https://www.youtube.com/@biblevisionru/shorts,,,,,
true,191,bibleproject_shorts_ru,short,https://www.youtube.com/shorts/Pxwm7wYsVz0,Daniel 9:4-7 in modern translation #bible #biblevision,en,ICOC Insights,https://www.youtube.com/@biblevisionru/shorts,,,,,
true,192,bibleproject_shorts_ru,short,https://www.youtube.com/shorts/ylw874xit58,Псалом 36:16-19 в современном переводе #библия #biblevision,uk,ICOC Insights,https://www.youtube.com/@biblevisionru/shorts,,,,,
true,193,bibleproject_shorts_ru,short,https://www.youtube.com/shorts/7F6zfLYIt8g,Psalm 76:17-21 in modern translation #bible #biblevision,en,ICOC Insights,https://www.youtube.com/@biblevisionru/shorts,,,,,
true,194,bibleproject_shorts_ru,short,https://www.youtube.com/shorts/BVU2go57P_w,Псалом 36:5-9 в современном переводе #библия #biblevision,uk,ICOC Insights,https://www.youtube.com/@biblevisionru/shorts,,,,,
true,195,bibleproject_shorts_ru,short,https://www.youtube.com/shorts/90Cp9Q6iDdY,Екклесиаста 3:15-18 в современном переводе #библия #biblevision,uk,ICOC Insights,https://www.youtube.com/@biblevisionru/shorts,,,,,
true,196,bibleproject_shorts_ru,short,https://www.youtube.com/shorts/h1LU-yoAKe4,Псалом 36:1-4 в современном переводе #библия #biblevision,uk,ICOC Insights,https://www.youtube.com/@biblevisionru/shorts,,,,,
true,197,bibleproject_shorts_ru,short,https://www.youtube.com/shorts/Mfdd8FY4Je4,Исход 15:11-15 в современном переводе #библия #biblevision,uk,ICOC Insights,https://www.youtube.com/@biblevisionru/shorts,,,,,
true,198,bibleproject_shorts_ru,short,https://www.youtube.com/shorts/QTGIeqOTXdo,Psalm 76:11-16 in modern translation #bible #biblevision,en,ICOC Insights,https://www.youtube.com/@biblevisionru/shorts,,,,,
true,199,bibleproject_shorts_ru,short,https://www.youtube.com/shorts/HG1DhHbLHRc,Марка 4:37-41 (BTI) #библия #biblevision,uk,ICOC Insights,https://www.youtube.com/@biblevisionru/shorts,,,,,
true,200,bibleproject_shorts_ru,short,https://www.youtube.com/shorts/Wnv0cUmLIe8,Ecclesiastes 3:9-14 in modern translation #bible #biblevision,en,ICOC Insights,https://www.youtube.com/@biblevisionru/shorts,,,,,
true,201,bibleproject_shorts_ru,short,https://www.youtube.com/shorts/_cZ0jNR9__Q,Псалом 23:7-10 (BTI) #библия #biblevision,uk,ICOC Insights,https://www.youtube.com/@biblevisionru/shorts,,,,,
true,202,bibleproject_shorts_ru,short,https://www.youtube.com/shorts/ISzcaEqGPi4,Исход 15:6-10 в современном переводе #библия #biblevision,uk,ICOC Insights,https://www.youtube.com/@biblevisionru/shorts,,,,,
true,203,bibleproject_shorts_ru,short,https://www.youtube.com/shorts/C9sa2f12ds4,Псалом 23:1-6 (BTI) #библия #biblevision,uk,ICOC Insights,https://www.youtube.com/@biblevisionru/shorts,,,,,
true,204,bibleproject_shorts_ru,short,https://www.youtube.com/shorts/Tj0_7k-eEFI,Псалом 76:2-4 в современном переводе #библия #biblevision,uk,ICOC Insights,https://www.youtube.com/@biblevisionru/shorts,,,,,
true,205,bibleproject_shorts_ru,short,https://www.youtube.com/shorts/IiAJkuj9lF4,Псалом 7:15-18 (BTI) #библия #biblevision,uk,ICOC Insights,https://www.youtube.com/@biblevisionru/shorts,,,,,
true,206,bibleproject_shorts_ru,short,https://www.youtube.com/shorts/wxU1XB_7Nww,Exodus 15:1-5 in modern translation #bible #biblevision,en,ICOC Insights,https://www.youtube.com/@biblevisionru/shorts,,,,,
true,207,bibleproject_shorts_ru,short,https://www.youtube.com/shorts/tYrqcj53C4Y,Псалом 7:11-14 (BTI) #библия #biblevision,uk,ICOC Insights,https://www.youtube.com/@biblevisionru/shorts,,,,,
true,208,bibleproject_shorts_ru,short,https://www.youtube.com/shorts/k9NiRcl5gT8,Psalm 7:7-10 (NKJV) #bible #biblevision,en,ICOC Insights,https://www.youtube.com/@biblevisionru/shorts,,,,,
true,209,bibleproject_shorts_ru,short,https://www.youtube.com/shorts/vcUJpYrpzPM,Псалом 7:2-6 (BTI) #библия #biblevision,uk,ICOC Insights,https://www.youtube.com/@biblevisionru/shorts,,,,,
true,210,bibleproject_shorts_ru,short,https://www.youtube.com/shorts/JduYB3QlKAk,Псалом 92:1-5 в современном переводе #библия #biblevision,uk,ICOC Insights,https://www.youtube.com/@biblevisionru/shorts,,,,,
true,211,bibleproject_shorts_ru,short,https://www.youtube.com/shorts/OeVoGWLQSnU,Псалом 13:4-7 (BTI) #библия #biblevision,uk,ICOC Insights,https://www.youtube.com/@biblevisionru/shorts,,,,,
true,212,bibleproject_shorts_ru,short,https://www.youtube.com/shorts/s531zUYk-AI,Псалом 106:39-43 в современном переводе #библия #biblevision,uk,ICOC Insights,https://www.youtube.com/@biblevisionru/shorts,,,,,
true,213,bibleproject_shorts_ru,short,https://www.youtube.com/shorts/-VI32h_HUzk,Псалом 13:1-3 (BTI) #библия #biblevision,uk,ICOC Insights,https://www.youtube.com/@biblevisionru/shorts,,,,,
true,214,bibleproject_shorts_ru,short,https://www.youtube.com/shorts/G6C2bSOHJ5w,Псалом 99:1-5 в современном переводе #библия #biblevision,uk,ICOC Insights,https://www.youtube.com/@biblevisionru/shorts,,,,,
true,215,bibleproject_shorts_ru,short,https://www.youtube.com/shorts/4BbOKeO5fEI,Псалом 141:5-7 (BTI) #библия #biblevision,uk,ICOC Insights,https://www.youtube.com/@biblevisionru/shorts,,,,,
true,216,bibleproject_shorts_ru,short,https://www.youtube.com/shorts/nLHOLcTs1J4,Псалом 103:31-35 в современном переводе #библия #biblevision,uk,ICOC Insights,https://www.youtube.com/@biblevisionru/shorts,,,,,
true,217,bibleproject_shorts_ru,short,https://www.youtube.com/shorts/PkXOyhNvI2M,Псалом 5:12-13 (BTI) #библия #biblevision,uk,ICOC Insights,https://www.youtube.com/@biblevisionru/shorts,,,,,
true,218,bibleproject_shorts_ru,short,https://www.youtube.com/shorts/QUNfjey6ulQ,Псалом 98:5-9 в современном переводе #библия #biblevision,uk,ICOC Insights,https://www.youtube.com/@biblevisionru/shorts,,,,,
true,219,bibleproject_shorts_ru,short,https://www.youtube.com/shorts/8_cSewEevU4,Псалом 90:14-16 (BTI) #библия #biblevision,uk,ICOC Insights,https://www.youtube.com/@biblevisionru/shorts,,,,,
true,220,bibleproject_shorts_ru,short,https://www.youtube.com/shorts/CKtkbEhnNYA,Псалом 106:31-38 в современном переводе #библия #biblevision,uk,ICOC Insights,https://www.youtube.com/@biblevisionru/shorts,,,,,
true,221,bibleproject_shorts_ru,short,https://www.youtube.com/shorts/sZ6yKnTuA1E,Psalm 5:2-7 (NKJV) #bible #biblevision,en,ICOC Insights,https://www.youtube.com/@biblevisionru/shorts,,,,,
true,222,bibleproject_shorts_ru,short,https://www.youtube.com/shorts/0DUs8s4VyGY,Псалом 103:19-26 в современном переводе #библия #biblevision,uk,ICOC Insights,https://www.youtube.com/@biblevisionru/shorts,,,,,
true,223,bibleproject_shorts_ru,short,https://www.youtube.com/shorts/espIm89JAGg,Псалом 90:9-13 (BTI) #библия #biblevision,uk,ICOC Insights,https://www.youtube.com/@biblevisionru/shorts,,,,,
true,224,bibleproject_shorts_ru,short,https://www.youtube.com/shorts/Mjs9FlDkC8E,Псалом 98:1-4 в современном переводе #библия #biblevision,uk,ICOC Insights,https://www.youtube.com/@biblevisionru/shorts,,,,,
true,225,bibleproject_shorts_ru,short,https://www.youtube.com/shorts/Tst5q5-zOuc,Psalm 93:16-18 (NKJV) #bible #biblevision,en,ICOC Insights,https://www.youtube.com/@biblevisionru/shorts,,,,,
true,226,bibleproject_shorts_ru,short,https://www.youtube.com/shorts/99ou0a75Lic,Psalm 118:26-29 in modern translation #bible #biblevision,en,ICOC Insights,https://www.youtube.com/@biblevisionru/shorts,,,,,
true,227,bibleproject_shorts_ru,short,https://www.youtube.com/shorts/AtnwDiyF9r8,Псалом 90:5-8 (BTI) #библия #biblevision,uk,ICOC Insights,https://www.youtube.com/@biblevisionru/shorts,,,,,
true,228,bibleproject_shorts_ru,short,https://www.youtube.com/shorts/XoIMrX-qIpw,Псалом 106:23-30 в современном переводе #библия #biblevision,uk,ICOC Insights,https://www.youtube.com/@biblevisionru/shorts,,,,,
true,229,bibleproject_shorts_ru,short,https://www.youtube.com/shorts/mndxFbz6VVk,Псалом 18:6-10 (BTI) #библия #biblevision,uk,ICOC Insights,https://www.youtube.com/@biblevisionru/shorts,,,,,
true,230,bibleproject_shorts_ru,short,https://www.youtube.com/shorts/WV7Ul73FLYM,Псалом 103:10-18 в современном переводе #библия #biblevision,uk,ICOC Insights,https://www.youtube.com/@biblevisionru/shorts,,,,,
true,231,bibleproject_shorts_ru,short,https://www.youtube.com/shorts/lz6THITYLdM,Псалом 90:1-4 (BTI) #библия #biblevision,uk,ICOC Insights,https://www.youtube.com/@biblevisionru/shorts,,,,,
true,232,bibleproject_shorts_ru,short,https://www.youtube.com/shorts/EoTjrucNL08,Псалом 106:17-22 в современном переводе #библия #biblevision,uk,ICOC Insights,https://www.youtube.com/@biblevisionru/shorts,,,,,
true,233,bibleproject_shorts_ru,short,https://www.youtube.com/shorts/au2-g5HrPN0,Псалом 18:2-5 (BTI) #библия #biblevision,uk,ICOC Insights,https://www.youtube.com/@biblevisionru/shorts,,,,,
true,234,bibleproject_shorts_ru,short,https://www.youtube.com/shorts/BxPN6zPGwRw,Psalm 103:1-9 in modern translation #bible #biblevision,en,ICOC Insights,https://www.youtube.com/@biblevisionru/shorts,,,,,
true,235,bibleproject_shorts_ru,short,https://www.youtube.com/shorts/q0VPG88qDWc,Psalm 106:10-16 in modern translation #bible #biblevision,en,ICOC Insights,https://www.youtube.com/@biblevisionru/shorts,,,,,
true,236,bibleproject_shorts_ru,short,https://www.youtube.com/shorts/XYk1WQvRRBk,Псалом 16:13-15 (BTI) #библия #biblevision,uk,ICOC Insights,https://www.youtube.com/@biblevisionru/shorts,,,,,
true,237,bibleproject_shorts_ru,short,https://www.youtube.com/shorts/aj_2m-RmjNI,Psalm 118:21-25 in modern translation #bible #biblevision,en,ICOC Insights,https://www.youtube.com/@biblevisionru/shorts,,,,,
true,238,bibleproject_shorts_ru,short,https://www.youtube.com/shorts/ddgrwf_GyzU,Proverbs 3:5-10 (NKJV) #bible #biblevision,en,ICOC Insights,https://www.youtube.com/@biblevisionru/shorts,,,,,
true,239,bibleproject_shorts_ru,short,https://www.youtube.com/shorts/LxcjU2XZ8QI,Римлянам 8:5-9 в современном переводе #библия #biblevision,uk,ICOC Insights,https://www.youtube.com/@biblevisionru/shorts,,,,,
true,240,bibleproject_shorts_ru,short,https://www.youtube.com/shorts/T6mCUdHbRE8,Psalm 16:1-5 (NKJV) #bible #biblevision,en,ICOC Insights,https://www.youtube.com/@biblevisionru/shorts,,,,,
true,241,bibleproject_shorts_ru,short,https://www.youtube.com/shorts/VuHJpvBYK78,Псалом 106:1-9 в современном переводе #библия #biblevision,uk,ICOC Insights,https://www.youtube.com/@biblevisionru/shorts,,,,,
true,242,bibleproject_shorts_ru,short,https://www.youtube.com/shorts/hKelgmwokzc,Proverbs 3:1-4 (NKJV) #bible #biblevision,en,ICOC Insights,https://www.youtube.com/@biblevisionru/shorts,,,,,
true,243,bibleproject_shorts_ru,short,https://www.youtube.com/shorts/-m6cq1CTVGU,Псалом 117:15-20 в современном переводе #библия #biblevision,uk,ICOC Insights,https://www.youtube.com/@biblevisionru/shorts,,,,,
true,244,bibleproject_shorts_ru,short,https://www.youtube.com/shorts/wWZ6v0RqqKA,Псалом 6:7-11 (BTI) #библия #biblevision,uk,ICOC Insights,https://www.youtube.com/@biblevisionru/shorts,,,,,
true,245,bibleproject_shorts_ru,short,https://www.youtube.com/shorts/F2X7irwE9Ko,Псалом 117:10-14 в современном переводе #библия #biblevision,uk,ICOC Insights,https://www.youtube.com/@biblevisionru/shorts,,,,,
true,246,bibleproject_shorts_ru,short,https://www.youtube.com/shorts/rIt9WwLJiao,Притчи 11:28-31 (BTI) #библия #biblevision,uk,ICOC Insights,https://www.youtube.com/@biblevisionru/shorts,,,,,
true,247,bibleproject_shorts_ru,short,https://www.youtube.com/shorts/UPxKrh68_bc,Римлянам 8:10-14 в современном переводе #библия #biblevision,uk,ICOC Insights,https://www.youtube.com/@biblevisionru/shorts,,,,,
true,248,bibleproject_shorts_ru,short,https://www.youtube.com/shorts/syLy5sN89Vg,Псалом 6:2-6 (BTI) #библия #biblevision,uk,ICOC Insights,https://www.youtube.com/@biblevisionru/shorts,,,,,
true,249,bibleproject_shorts_ru,short,https://www.youtube.com/shorts/ZY9OU8VM5Us,Псалом 117:1-9 в современном переводе #библия #biblevision,uk,ICOC Insights,https://www.youtube.com/@biblevisionru/shorts,,,,,
true,250,bibleproject_shorts_ru,short,https://www.youtube.com/shorts/mltHB8_HBhc,Псалом 118:81-88 в современном переводе #библия #biblevision,uk,ICOC Insights,https://www.youtube.com/@biblevisionru/shorts,,,,,
true,251,bibleproject_shorts_ru,short,https://www.youtube.com/shorts/cXeyfbsJXME,Псалом 24:1-5 (BTI) #библия #biblevision,uk,ICOC Insights,https://www.youtube.com/@biblevisionru/shorts,,,,,
true,252,bibleproject_shorts_ru,short,https://www.youtube.com/shorts/PX-DuXE0XMA,Римлянам 8:35-39 в современном переводе #библия #biblevision,uk,ICOC Insights,https://www.youtube.com/@biblevisionru/shorts,,,,,
true,253,bibleproject_shorts_ru,short,https://www.youtube.com/shorts/gDRXfclJ2vI,Псалом 148:1-6 в современном переводе #библия #biblevision,uk,ICOC Insights,https://www.youtube.com/@biblevisionru/shorts,,,,,
true,254,bibleproject_shorts_ru,short,https://www.youtube.com/shorts/R7X224ckXYA,Псалом 126:1-5 в современном переводе #библия #biblevision,uk,ICOC Insights,https://www.youtube.com/@biblevisionru/shorts,,,,,
true,255,bibleproject_shorts_ru,short,https://www.youtube.com/shorts/mlE0atJZuhs,Psalm 22:4-6 in modern translation #bible #biblevision,en,ICOC Insights,https://www.youtube.com/@biblevisionru/shorts,,,,,
true,256,bibleproject_shorts_ru,short,https://www.youtube.com/shorts/npJyHHp30n0,Romans 8:31-34 in modern translation #bible #biblevision,en,ICOC Insights,https://www.youtube.com/@biblevisionru/shorts,,,,,
true,257,bibleproject_shorts_ru,short,https://www.youtube.com/shorts/iUaz2Z9yx9o,Псалом 122:1-4 в современном переводе #библия #biblevision,uk,ICOC Insights,https://www.youtube.com/@biblevisionru/shorts,,,,,
true,258,bibleproject_shorts_ru,short,https://www.youtube.com/shorts/-kIvztPU2_k,Римлянам 8:26-30 в современном переводе #библия #biblevision,uk,ICOC Insights,https://www.youtube.com/@biblevisionru/shorts,,,,,
true,259,bibleproject_shorts_ru,short,https://www.youtube.com/shorts/mpEJeY1ZW9Y,Псалом 147:5-9 в современном переводе #библия #biblevision,uk,ICOC Insights,https://www.youtube.com/@biblevisionru/shorts,,,,,
true,260,bibleproject_shorts_ru,short,https://www.youtube.com/shorts/ezAYorwdejE,Псалом 123:1-8 в современном переводе #библия #biblevision,uk,ICOC Insights,https://www.youtube.com/@biblevisionru/shorts,,,,,
true,261,bibleproject_shorts_ru,short,https://www.youtube.com/shorts/dzZWKbkINrk,Псалом 118:121-128 в современном переводе #библия #biblevision,uk,ICOC Insights,https://www.youtube.com/@biblevisionru/shorts,,,,,
true,262,bibleproject_shorts_ru,short,https://www.youtube.com/shorts/BDJcTB0jYkI,Римлянам 8:22-25 в современном переводе #библия #biblevision,uk,ICOC Insights,https://www.youtube.com/@biblevisionru/shorts,,,,,
true,263,bibleproject_shorts_ru,short,https://www.youtube.com/shorts/k8aaoqFytAw,Псалом 130:1-3 в современном переводе #библия #biblevision,uk,ICOC Insights,https://www.youtube.com/@biblevisionru/shorts,,,,,
true,264,bibleproject_shorts_ru,short,https://www.youtube.com/shorts/xmAULRnFw0E,Римлянам 8:15-21 в современном переводе #библия #biblevision,uk,ICOC Insights,https://www.youtube.com/@biblevisionru/shorts,,,,,
true,265,bibleproject_shorts_ru,short,https://www.youtube.com/shorts/4sQdGqEfxvE,Псалом 124:1-5 в современном переводе #библия #biblevision,uk,ICOC Insights,https://www.youtube.com/@biblevisionru/shorts,,,,,
true,266,bibleproject_shorts_ru,short,https://www.youtube.com/shorts/AepRpHd6hrM,Римлянам 8:10-14 в современном переводе #библия #biblevision,uk,ICOC Insights,https://www.youtube.com/@biblevisionru/shorts,,,,,
true,267,bibleproject_shorts_ru,short,https://www.youtube.com/shorts/jRN52vTIxqU,Псалом 137:1-5 в современном переводе #библия #biblevision,uk,ICOC Insights,https://www.youtube.com/@biblevisionru/shorts,,,,,
true,268,bibleproject_shorts_ru,short,https://www.youtube.com/shorts/2gCfRUj3slM,Римлянам 8:5-9 в современном переводе #библия #biblevision,uk,ICOC Insights,https://www.youtube.com/@biblevisionru/shorts,,,,,
true,269,bibleproject_shorts_ru,short,https://www.youtube.com/shorts/5Tak-Qp8MMg,Псалом 118:169-176 в современном переводе #библия #biblevision,uk,ICOC Insights,https://www.youtube.com/@biblevisionru/shorts,,,,,
true,270,bibleproject_shorts_ru,short,https://www.youtube.com/shorts/28MCs9TYfsc,Romans 8:1-4 in modern translation #bible #biblevision,en,ICOC Insights,https://www.youtube.com/@biblevisionru/shorts,,,,,
true,271,bibleproject_shorts_ru,short,https://www.youtube.com/shorts/g-pLgivmcFc,Psalm 127:1-6 in modern translation #bible #biblevision,en,ICOC Insights,https://www.youtube.com/@biblevisionru/shorts,,,,,
true,272,bibleproject_shorts_ru,short,https://www.youtube.com/shorts/SPX6k1V0p-8,Luke 2:15-20 in modern translation #bible #biblevision,en,ICOC Insights,https://www.youtube.com/@biblevisionru/shorts,,,,,
true,273,bibleproject_shorts_ru,short,https://www.youtube.com/shorts/CL8Ka-7iOUs,Луки 2:11-14 в современном переводе #библия #biblevision,uk,ICOC Insights,https://www.youtube.com/@biblevisionru/shorts,,,,,
true,274,bibleproject_shorts_ru,short,https://www.youtube.com/shorts/_lH3siNZAFo,Luke 2:6-10 in modern translation #bible #biblevision,en,ICOC Insights,https://www.youtube.com/@biblevisionru/shorts,,,,,
true,275,bibleproject_shorts_ru,short,https://www.youtube.com/shorts/wGfX6iO3fxg,Luke 1:46-49 in modern translation #bible #biblevision,en,ICOC Insights,https://www.youtube.com/@biblevisionru/shorts,,,,,
true,276,bibleproject_shorts_ru,short,https://www.youtube.com/shorts/X1ZMb1OHv7Y,Римлянам 6:20-23 в современном переводе #библия #biblevision,uk,ICOC Insights,https://www.youtube.com/@biblevisionru/shorts,,,,,
true,277,bibleproject_shorts_ru,short,https://www.youtube.com/shorts/tJ9MJVkTBk0,Псалом 134:13-21 в современном переводе #библия #biblevision,uk,ICOC Insights,https://www.youtube.com/@biblevisionru/shorts,,,,,
true,278,bibleproject_shorts_ru,short,https://www.youtube.com/shorts/9uE5-mL5ywA,Psalm 119:161-168 in modern translation #bible #biblevision,en,ICOC Insights,https://www.youtube.com/@biblevisionru/shorts,,,,,
true,279,bibleproject_shorts_ru,short,https://www.youtube.com/shorts/eBL0bNGFgN0,Римлянам 6:16-19 в современном переводе #библия #biblevision,uk,ICOC Insights,https://www.youtube.com/@biblevisionru/shorts,,,,,
true,280,bibleproject_shorts_ru,short,https://www.youtube.com/shorts/Zgfs6fW7vD4,Romans 6:12-15 in modern translation #bible #biblevision,en,ICOC Insights,https://www.youtube.com/@biblevisionru/shorts,,,,,
true,281,bibleproject_shorts_ru,short,https://www.youtube.com/shorts/0uqtwb7_iHY,Psalm 119:153-160 in modern translation #bible #biblevision,en,ICOC Insights,https://www.youtube.com/@biblevisionru/shorts,,,,,
true,282,bibleproject_shorts_ru,short,https://www.youtube.com/shorts/fZh9IKliMtg,Псалом 134:1-5 в современном переводе #библия #biblevision,uk,ICOC Insights,https://www.youtube.com/@biblevisionru/shorts,,,,,
true,283,bibleproject_shorts_ru,short,https://www.youtube.com/shorts/PlJE76J4D-A,Римлянам 6:5-11 в современном переводе #библия #biblevision,uk,ICOC Insights,https://www.youtube.com/@biblevisionru/shorts,,,,,
true,284,bibleproject_shorts_ru,short,https://www.youtube.com/shorts/aMlSeRzpiZg,Псалом 118:145-152 в современном переводе #библия #biblevision,uk,ICOC Insights,https://www.youtube.com/@biblevisionru/shorts,,,,,
true,285,bibleproject_shorts_ru,short,https://www.youtube.com/shorts/BiS72JrG9vo,Римлянам 6:1-4 в современном переводе #библия #biblevision,uk,ICOC Insights,https://www.youtube.com/@biblevisionru/shorts,,,,,
true,286,bibleproject_shorts_ru,short,https://www.youtube.com/shorts/CIsFi7X-NNU,Псалом 139:8-14 в современном переводе #библия #biblevision,uk,ICOC Insights,https://www.youtube.com/@biblevisionru/shorts,,,,,
true,287,bibleproject_shorts_ru,short,https://www.youtube.com/shorts/fXjYfV8bkLc,Romans 2:17-23 in modern translation #bible #biblevision,en,ICOC Insights,https://www.youtube.com/@biblevisionru/shorts,,,,,
true,288,bibleproject_shorts_ru,short,https://www.youtube.com/shorts/yNHQMwpDcA0,Псалом 118:137-144 в современном переводе #библия #biblevision,uk,ICOC Insights,https://www.youtube.com/@biblevisionru/shorts,,,,,
true,289,bibleproject_shorts_ru,short,https://www.youtube.com/shorts/Phz9mjtQF_g,Римлянам 2:12-16 в современном переводе #библия #biblevision,uk,ICOC Insights,https://www.youtube.com/@biblevisionru/shorts,,,,,
true,290,bibleproject_shorts_ru,short,https://www.youtube.com/shorts/jQaQvQ73-i8,Псалом 139:2-7 в современном переводе #библия #biblevision,uk,ICOC Insights,https://www.youtube.com/@biblevisionru/shorts,,,,,
true,291,bibleproject_shorts_ru,short,https://www.youtube.com/shorts/S4Z-fuGM2LA,Римлянам 2:6-11 в современном переводе #библия #biblevision,uk,ICOC Insights,https://www.youtube.com/@biblevisionru/shorts,,,,,
true,292,bibleproject_shorts_ru,short,https://www.youtube.com/shorts/TbJvAk0wvWU,Psalm 142:7-12 in modern translation #bible #biblevision,en,ICOC Insights,https://www.youtube.com/@biblevisionru/shorts,,,,,
true,293,bibleproject_shorts_ru,short,https://www.youtube.com/shorts/xdjkrHyNAxA,Римлянам 2:1-4 в современном переводе #библия #biblevision,uk,ICOC Insights,https://www.youtube.com/@biblevisionru/shorts,,,,,
true,294,bibleproject_shorts_ru,short,https://www.youtube.com/shorts/XG1t5jn3gTA,Псалом 137:6-8 в современном переводе #библия #biblevision,uk,ICOC Insights,https://www.youtube.com/@biblevisionru/shorts,,,,,
true,295,bibleproject_shorts_ru,short,https://www.youtube.com/shorts/Lq_YyBLx6mE,Псалом 118:121-128 в современном переводе #библия #biblevision,uk,ICOC Insights,https://www.youtube.com/@biblevisionru/shorts,,,,,
true,296,bibleproject_shorts_ru,short,https://www.youtube.com/shorts/zw-Xl74RUjU,Псалом 148:7-14 в современном переводе #библия #biblevision,uk,ICOC Insights,https://www.youtube.com/@biblevisionru/shorts,,,,,
true,297,bibleproject_shorts_ru,short,https://www.youtube.com/shorts/iwzKeDkGHjg,Псалом 142:1-6 в современном переводе #библия #biblevision,uk,ICOC Insights,https://www.youtube.com/@biblevisionru/shorts,,,,,
true,298,bibleproject_shorts_ru,short,https://www.youtube.com/shorts/Y8rtPpt1i7w,Матфея 26:26-32 в современном переводе #библия #biblevision,uk,ICOC Insights,https://www.youtube.com/@biblevisionru/shorts,,,,,
true,299,bibleproject_shorts_ru,short,https://www.youtube.com/shorts/jkCkHx6_bvw,Псалом 118:129-136 в современном переводе #библия #biblevision,uk,ICOC Insights,https://www.youtube.com/@biblevisionru/shorts,,,,,
true,300,bibleproject_shorts_ru,short,https://www.youtube.com/shorts/teHfDiyoYfQ,Иоанна 8:34-36 #библия #biblevision,uk,ICOC Insights,https://www.youtube.com/@biblevisionru/shorts,,,,,
true,301,bibleproject_shorts_ru,short,https://www.youtube.com/shorts/W4zWincFagI,1 Петра 3:9-11 в современном переводе #библия #biblevision,uk,ICOC Insights,https://www.youtube.com/@biblevisionru/shorts,,,,,
true,302,bibleproject_shorts_ru,short,https://www.youtube.com/shorts/v6gK66pPEC8,Псалом 118:113-120 в современном переводе #библия #biblevision,uk,ICOC Insights,https://www.youtube.com/@biblevisionru/shorts,,,,,
true,303,bibleproject_shorts_ru,short,https://www.youtube.com/shorts/5iSI2qXzdPM,Proverbs 11:20-23 in modern translation #bible #biblevision,en,ICOC Insights,https://www.youtube.com/@biblevisionru/shorts,,,,,
true,304,bibleproject_shorts_ru,short,https://www.youtube.com/shorts/xjjU9DpjqAQ,Псалом 118:105-112 в современном переводе #библия #biblevision,uk,ICOC Insights,https://www.youtube.com/@biblevisionru/shorts,,,,,
true,305,bibleproject_shorts_ru,short,https://www.youtube.com/shorts/K-_35EQ-pQc,Марка 14:22-25 в современном переводе #библия #biblevision,uk,ICOC Insights,https://www.youtube.com/@biblevisionru/shorts,,,,,
true,306,bibleproject_shorts_ru,short,https://www.youtube.com/shorts/KyrYqydvhrk,Псалом 118:81-88 в современном переводе #библия #biblevision,uk,ICOC Insights,https://www.youtube.com/@biblevisionru/shorts,,,,,
true,307,bibleproject_shorts_ru,short,https://www.youtube.com/shorts/hEzT11zTWME,Иоанна 8:34-36 #библия #biblevision,uk,ICOC Insights,https://www.youtube.com/@biblevisionru/shorts,,,,,
true,308,bibleproject_shorts_ru,short,https://www.youtube.com/shorts/74ii6Va1vcc,Luke 23:28-31 #bible #biblevision,en,ICOC Insights,https://www.youtube.com/@biblevisionru/shorts,,,,,
true,309,bibleproject_shorts_ru,short,https://www.youtube.com/shorts/AHYaTg9pTr4,Псалом 118:89-96 в современном переводе #библия #biblevision,uk,ICOC Insights,https://www.youtube.com/@biblevisionru/shorts,,,,,
true,310,bibleproject_shorts_ru,short,https://www.youtube.com/shorts/OdVd5UqnnyU,Матфея 13:47-50 в современном переводе #библия #biblevision,uk,ICOC Insights,https://www.youtube.com/@biblevisionru/shorts,,,,,
true,311,bibleproject_shorts_ru,short,https://www.youtube.com/shorts/r0r660BcfL0,Откровение 3:20-22 #библия #biblevision,uk,ICOC Insights,https://www.youtube.com/@biblevisionru/shorts,,,,,
true,312,bibleproject_shorts_ru,short,https://www.youtube.com/shorts/Xu_sl0DlEX4,Колоссянам 1:12-14 #библия #biblevision,uk,ICOC Insights,https://www.youtube.com/@biblevisionru/shorts,,,,,
true,313,bibleproject_shorts_ru,short,https://www.youtube.com/shorts/654LEUDCtLE,1 Петра 3:15-16 #библия #biblevision,uk,ICOC Insights,https://www.youtube.com/@biblevisionru/shorts,,,,,
true,314,bibleproject_shorts_ru,short,https://www.youtube.com/shorts/kHS-OueAy8g,Матфея 13:44-46 в современном переводе #библия #biblevision,uk,ICOC Insights,https://www.youtube.com/@biblevisionru/shorts,,,,,
true,315,bibleproject_shorts_ru,short,https://www.youtube.com/shorts/9ELTCkK09rU,Псалом 118:73-80 в современном переводе #библия #biblevision,uk,ICOC Insights,https://www.youtube.com/@biblevisionru/shorts,,,,,
true,316,bibleproject_shorts_ru,short,https://www.youtube.com/shorts/55dGbxZpNKA,Псалом 52:5-7 #библия #biblevision,uk,ICOC Insights,https://www.youtube.com/@biblevisionru/shorts,,,,,
true,317,bibleproject_shorts_ru,short,https://www.youtube.com/shorts/_XFEWTbEAqM,2 Петра 1:5-8 #библия #biblevision,uk,ICOC Insights,https://www.youtube.com/@biblevisionru/shorts,,,,,
true,318,bibleproject_shorts_ru,short,https://www.youtube.com/shorts/TGVZF6sCh7Y,Псалом 118:49-56 в современном переводе #библия #biblevision,uk,ICOC Insights,https://www.youtube.com/@biblevisionru/shorts,,,,,
true,319,bibleproject_shorts_ru,short,https://www.youtube.com/shorts/CLVHERrvF74,Псалом 118:65-72 в современном переводе #библия #biblevision,uk,ICOC Insights,https://www.youtube.com/@biblevisionru/shorts,,,,,
true,320,bibleproject_shorts_ru,short,https://www.youtube.com/shorts/iMUs00bIjgo,Матфея 13:41-43  в современном переводе #библия #biblevision,uk,ICOC Insights,https://www.youtube.com/@biblevisionru/shorts,,,,,
true,321,bibleproject_shorts_ru,short,https://www.youtube.com/shorts/BtfvJ44GWYQ,Psalm 119:57-64 in modern translation #bible #biblevision,en,ICOC Insights,https://www.youtube.com/@biblevisionru/shorts,,,,,
true,322,bibleproject_shorts_ru,short,https://www.youtube.com/shorts/Defl0BQ5_Z8,Матфея 13:37-40 в современном переводе #библия #biblevision,uk,ICOC Insights,https://www.youtube.com/@biblevisionru/shorts,,,,,
true,323,bibleproject_shorts_ru,short,https://www.youtube.com/shorts/a299eVY_11s,Псалом 118:41-48 в современном переводе #библия #biblevision,uk,ICOC Insights,https://www.youtube.com/@biblevisionru/shorts,,,,,
true,324,bibleproject_shorts_ru,short,https://www.youtube.com/shorts/zxEVlbRt13g,Римлян 12:18-21 в современном переводе #библия #biblevision,uk,ICOC Insights,https://www.youtube.com/@biblevisionru/shorts,,,,,
true,325,bibleproject_shorts_ru,short,https://www.youtube.com/shorts/aFfAVhHXh4E,Psalm 119:33-40 in modern translation #bible #biblevision,en,ICOC Insights,https://www.youtube.com/@biblevisionru/shorts,,,,,
true,326,bibleproject_shorts_ru,short,https://www.youtube.com/shorts/ATMaIPI06Ws,Матфея 13:33-35 в современном переводе #библия #biblevision,uk,ICOC Insights,https://www.youtube.com/@biblevisionru/shorts,,,,,
true,327,bibleproject_shorts_ru,short,https://www.youtube.com/shorts/DPhuBZpAbog,Romans 12:14-17 in modern translation #bible #biblevision,en,ICOC Insights,https://www.youtube.com/@biblevisionru/shorts,,,,,
true,328,bibleproject_shorts_ru,short,https://www.youtube.com/shorts/cEtn5k_lDtU,Матфея 26:52-56 в современном переводе #библия #biblevision,uk,ICOC Insights,https://www.youtube.com/@biblevisionru/shorts,,,,,
true,329,bibleproject_shorts_ru,short,https://www.youtube.com/shorts/oR69KqinG8k,Psalm 119:25-32 in modern translation #bible #biblevision,en,ICOC Insights,https://www.youtube.com/@biblevisionru/shorts,,,,,
true,330,bibleproject_shorts_ru,short,https://www.youtube.com/shorts/rxhWqlyWvhk,Матфея 13:31-32 в современном переводе #библия #biblevision,uk,ICOC Insights,https://www.youtube.com/@biblevisionru/shorts,,,,,
true,331,bibleproject_shorts_ru,short,https://www.youtube.com/shorts/9Jqbr6u2urk,Римлянам 12:9-13 в современном переводе #библия #biblevision,uk,ICOC Insights,https://www.youtube.com/@biblevisionru/shorts,,,,,
true,332,bibleproject_shorts_ru,short,https://www.youtube.com/shorts/LOpCKwxHN3o,Псалом 118:17-24 в современном переводе #библия #biblevision,uk,ICOC Insights,https://www.youtube.com/@biblevisionru/shorts,,,,,
true,333,bibleproject_shorts_ru,short,https://www.youtube.com/shorts/-gTwtQJrw34,Псалом 118:9-16 в современном переводе #библия #biblevision,uk,ICOC Insights,https://www.youtube.com/@biblevisionru/shorts,,,,,
true,334,bibleproject_shorts_ru,short,https://www.youtube.com/shorts/-ynK7BFtfNs,Псалом 101:25-29 в современном переводе #библия #biblevision,uk,ICOC Insights,https://www.youtube.com/@biblevisionru/shorts,,,,,
true,335,bibleproject_shorts_ru,short,https://www.youtube.com/shorts/CblngTCFBEk,Римлянам 5:19-21 в современном переводе #библия #biblevision,uk,ICOC Insights,https://www.youtube.com/@biblevisionru/shorts,,,,,
true,336,bibleproject_shorts_ru,short,https://www.youtube.com/shorts/wwzv3b-hHt0,Евангелие от Матфея 13:24-30 в современном переводе #библия #biblevision,uk,ICOC Insights,https://www.youtube.com/@biblevisionru/shorts,,,,,
true,337,bibleproject_shorts_ru,short,https://www.youtube.com/shorts/4uvz0p55zbI,Псалом 118:1-8 в современном переводе #библия #biblevision,uk,ICOC Insights,https://www.youtube.com/@biblevisionru/shorts,,,,,
true,338,bibleproject_shorts_ru,short,https://www.youtube.com/shorts/jxfXFpKGqIc,Romans 5:16-18 in modern translation #bible #biblevision,en,ICOC Insights,https://www.youtube.com/@biblevisionru/shorts,,,,,
true,339,bibleproject_shorts_ru,short,https://www.youtube.com/shorts/9BaVcfnOnVI,Псалом 101:17-24 в современном переводе #библия #biblevision,uk,ICOC Insights,https://www.youtube.com/@biblevisionru/shorts,,,,,
true,340,bibleproject_shorts_ru,short,https://www.youtube.com/shorts/Sm-M9GvQQK8,Римлян 12:6-8 в современном переводе #библия #biblevision,uk,ICOC Insights,https://www.youtube.com/@biblevisionru/shorts,,,,,
true,341,bibleproject_shorts_ru,short,https://www.youtube.com/shorts/G0SQZmLxOMg,Псалом 114:5-9 в современном переводе #библия #biblevision,uk,ICOC Insights,https://www.youtube.com/@biblevisionru/shorts,,,,,
true,342,bibleproject_shorts_ru,short,https://www.youtube.com/shorts/ZHStbD0k5mw,Romans 5:12-15 in modern translation #bible #biblevision,en,ICOC Insights,https://www.youtube.com/@biblevisionru/shorts,,,,,
true,343,bibleproject_shorts_ru,short,https://www.youtube.com/shorts/vA1eYRVH1yw,Псалом 101:12-16 в современном переводе #библия #biblevision,uk,ICOC Insights,https://www.youtube.com/@biblevisionru/shorts,,,,,
true,344,bibleproject_shorts_ru,short,https://www.youtube.com/shorts/3-Sa6-QdJzY,Евангелие от Матфея 13:19-23 в современном переводе #библия #biblevision,uk,ICOC Insights,https://www.youtube.com/@biblevisionru/shorts,,,,,
true,345,bibleproject_shorts_ru,short,https://www.youtube.com/shorts/20Kq_qnIuDY,Псалом 115:15-19 в современном переводе #библия #biblevision,uk,ICOC Insights,https://www.youtube.com/@biblevisionru/shorts,,,,,
true,346,bibleproject_shorts_ru,short,https://www.youtube.com/shorts/RRcOANX6Dog,Псалом 101:6-11 в современном переводе #библия #biblevision,uk,ICOC Insights,https://www.youtube.com/@biblevisionru/shorts,,,,,
true,347,bibleproject_shorts_ru,short,https://www.youtube.com/shorts/as8g8TOTcNE,Римлянам 5:7-11 в современном переводе #библия #biblevision,uk,ICOC Insights,https://www.youtube.com/@biblevisionru/shorts,,,,,
true,348,bibleproject_shorts_ru,short,https://www.youtube.com/shorts/-_nZ7oGDLtk,Psalm 115:9-14 in modern translation #bible #biblevision,en,ICOC Insights,https://www.youtube.com/@biblevisionru/shorts,,,,,
true,349,bibleproject_shorts_ru,short,https://www.youtube.com/shorts/gnV3GmmimWk,Римлянам 12:2-5 в современном переводе #библия #biblevision,uk,ICOC Insights,https://www.youtube.com/@biblevisionru/shorts,,,,,
true,350,bibleproject_shorts_ru,short,https://www.youtube.com/shorts/vE6yeru42B0,Евангелие от Матфея 13:14-17 в современном переводе #библия #biblevision,uk,ICOC Insights,https://www.youtube.com/@biblevisionru/shorts,,,,,
true,351,bibleproject_shorts_ru,short,https://www.youtube.com/shorts/WG5AuCKR22E,Psalm 114:1-4 in modern translation #bible #biblevision,en,ICOC Insights,https://www.youtube.com/@biblevisionru/shorts,,,,,
true,352,bibleproject_shorts_ru,short,https://www.youtube.com/shorts/LDfW5dN6hoI,Римлянам 5:1-6 в современном переводе #библия #biblevision,uk,ICOC Insights,https://www.youtube.com/@biblevisionru/shorts,,,,,
true,353,bibleproject_shorts_ru,short,https://www.youtube.com/shorts/19E0l4hsvwE,Псалом 101:2-5 в современном переводе #библия #biblevision,uk,ICOC Insights,https://www.youtube.com/@biblevisionru/shorts,,,,,
true,354,bibleproject_shorts_ru,short,https://www.youtube.com/shorts/YMdyG73y0U4,Евангелие от Матфея 13:10-13 в современном переводе #библия #biblevision,uk,ICOC Insights,https://www.youtube.com/@biblevisionru/shorts,,,,,
true,355,bibleproject_shorts_ru,short,https://www.youtube.com/shorts/nqYMEXkAB54,1 Царств 2:6-10 в современном переводе #библия #biblevision,uk,ICOC Insights,https://www.youtube.com/@biblevisionru/shorts,,,,,
true,356,bibleproject_shorts_ru,short,https://www.youtube.com/shorts/A-fMm9ZAFjo,Psalm 85:14-17 in modern translation #bible #biblevision,en,ICOC Insights,https://www.youtube.com/@biblevisionru/shorts,,,,,
true,357,bibleproject_shorts_ru,short,https://www.youtube.com/shorts/myssTqoXlzI,Матфея 17:20 в современном переводе #библия #biblevision,uk,ICOC Insights,https://www.youtube.com/@biblevisionru/shorts,,,,,
true,358,bibleproject_shorts_ru,short,https://www.youtube.com/shorts/jBfwUfXq_5M,Колоссянам 3:18-22 в современном переводе #библия #biblevision,uk,ICOC Insights,https://www.youtube.com/@biblevisionru/shorts,,,,,
true,359,bibleproject_shorts_ru,short,https://www.youtube.com/shorts/BniSKqOYmko,Psalm 85:11-13 in modern translation #bible #biblevision,en,ICOC Insights,https://www.youtube.com/@biblevisionru/shorts,,,,,
true,360,bibleproject_shorts_ru,short,https://www.youtube.com/shorts/p5eF0dik3yI,Евангелие от Матфея 13:4-9 в современном переводе #библия #biblevision,uk,ICOC Insights,https://www.youtube.com/@biblevisionru/shorts,,,,,
true,361,bibleproject_shorts_ru,short,https://www.youtube.com/shorts/XcEAJ9dYXU4,Луки 6:45 в современном переводе #библия #biblevision,uk,ICOC Insights,https://www.youtube.com/@biblevisionru/shorts,,,,,
true,362,bibleproject_shorts_ru,short,https://www.youtube.com/shorts/W_FXkT7rKyo,Иакова 3:6-10 в современном переводе #библия #biblevision,uk,ICOC Insights,https://www.youtube.com/@biblevisionru/shorts,,,,,
true,363,bibleproject_shorts_ru,short,https://www.youtube.com/shorts/uF3utTQjCoo,Иоанна 15:12-14 в современном переводе #библия #biblevision,uk,ICOC Insights,https://www.youtube.com/@biblevisionru/shorts,,,,,
true,364,bibleproject_shorts_ru,short,https://www.youtube.com/shorts/R3qEkFiK3X8,Псалом 85:6-10 в современном переводе #библия #biblevision,uk,ICOC Insights,https://www.youtube.com/@biblevisionru/shorts,,,,,
true,365,bibleproject_shorts_ru,short,https://www.youtube.com/shorts/EOD0VCZyiks,Jude 1:20-23 modern translation #bible #biblevision,en,ICOC Insights,https://www.youtube.com/@biblevisionru/shorts,,,,,
true,366,bibleproject_shorts_ru,short,https://www.youtube.com/shorts/S8YCDSI13xE,2 Петра 1:5-8 в современном переводе #библия #biblevision,uk,ICOC Insights,https://www.youtube.com/@biblevisionru/shorts,,,,,
true,367,bibleproject_shorts_ru,short,https://www.youtube.com/shorts/OulAzGORMRE,Псалом 85:1-5 в современном переводе #библия #biblevision,uk,ICOC Insights,https://www.youtube.com/@biblevisionru/shorts,,,,,
true,368,bibleproject_shorts_ru,short,https://www.youtube.com/shorts/ojeMPjFTQa8,Псалом 100:5-8 в современном переводе #библия #biblevision,uk,ICOC Insights,https://www.youtube.com/@biblevisionru/shorts,,,,,
true,369,bibleproject_shorts_ru,short,https://www.youtube.com/shorts/_cnFwEYXdX4,Исаии 1:16-19 в современном переводе #библия #biblevision,uk,ICOC Insights,https://www.youtube.com/@biblevisionru/shorts,,,,,
true,370,bibleproject_shorts_ru,short,https://www.youtube.com/shorts/EJ4Po8ZosbU,Псалом 52:5-7 в современном переводе #библия #biblevision,uk,ICOC Insights,https://www.youtube.com/@biblevisionru/shorts,,,,,
true,371,bibleproject_shorts_ru,short,https://www.youtube.com/shorts/crMfpx7kZFk,Иакова 4:7-10 в современном переводе #библия #biblevision,uk,ICOC Insights,https://www.youtube.com/@biblevisionru/shorts,,,,,
true,372,bibleproject_shorts_ru,short,https://www.youtube.com/shorts/hnw5cm5Mo3I,1 Петра 4:8-10 в современном переводе #библия #biblevision,uk,ICOC Insights,https://www.youtube.com/@biblevisionru/shorts,,,,,
true,373,bibleproject_shorts_ru,short,https://www.youtube.com/shorts/6C6FFP5v4r0,1 Царств 2:1-5 в современном переводе #библия #biblevision,uk,ICOC Insights,https://www.youtube.com/@biblevisionru/shorts,,,,,
true,374,bibleproject_shorts_ru,short,https://www.youtube.com/shorts/GlZeVlLBXcw,1 Петра 3:15-16 в современном переводе #библия #biblevision,uk,ICOC Insights,https://www.youtube.com/@biblevisionru/shorts,,,,,
true,375,bibleproject_shorts_ru,short,https://www.youtube.com/shorts/7xqtM54oRgI,Луки 10:27 в современном переводе #библия #biblevision,uk,ICOC Insights,https://www.youtube.com/@biblevisionru/shorts,,,,,
true,376,bibleproject_shorts_ru,short,https://www.youtube.com/shorts/omOHkTuV34s,Колоссянам 3:23-25 в современном переводе #библия #biblevision,uk,ICOC Insights,https://www.youtube.com/@biblevisionru/shorts,,,,,
true,377,bibleproject_shorts_ru,short,https://www.youtube.com/shorts/EfTc6aUmvdM,Колоссянам 1:12-14 в современном переводе #библия #biblevision,uk,ICOC Insights,https://www.youtube.com/@biblevisionru/shorts,,,,,
true,378,bibleproject_shorts_ru,short,https://www.youtube.com/shorts/GBzRh9IZZgI,2 Коринфянам 1:3-5 в современном переводе #библия #biblevision,uk,ICOC Insights,https://www.youtube.com/@biblevisionru/shorts,,,,,
true,379,bibleproject_shorts_ru,short,https://www.youtube.com/shorts/-Vxtovt6Qp4,Колоссянам 3:16-17 в современном переводе #библия #biblevision,uk,ICOC Insights,https://www.youtube.com/@biblevisionru/shorts,,,,,
true,380,bibleproject_shorts_ru,short,https://www.youtube.com/shorts/fZ8YMqXIcuE,1 Peter 1:16-20 in modern translation #bible #biblevision,en,ICOC Insights,https://www.youtube.com/@biblevisionru/shorts,,,,,
true,381,bibleproject_shorts_ru,short,https://www.youtube.com/shorts/I_5_iN7kRyA,Откровение 3:20-22 в современном переводе #библия #biblevision,uk,ICOC Insights,https://www.youtube.com/@biblevisionru/shorts,,,,,
true,382,bibleproject_shorts_ru,short,https://www.youtube.com/shorts/0Q5XhvXl7dI,Иоанна 8:34-36 в современном переводе #библия #biblevision,uk,ICOC Insights,https://www.youtube.com/@biblevisionru/shorts,,,,,
true,383,bibleproject_shorts_ru,short,https://www.youtube.com/shorts/yE2brGs42ag,Колоссянам 1:19-22 в современном переводе #библия #biblevision,uk,ICOC Insights,https://www.youtube.com/@biblevisionru/shorts,,,,,
true,384,bibleproject_shorts_ru,short,https://www.youtube.com/shorts/FuAabvsFdXI,1 Коринфянам 15:55-58 в современном переводе #библия #biblevision,uk,ICOC Insights,https://www.youtube.com/@biblevisionru/shorts,,,,,
true,385,bibleproject_shorts_ru,short,https://www.youtube.com/shorts/H9szZFClRFg,Колоссянам 3:12-15 в современном переводе #библия #biblevision,uk,ICOC Insights,https://www.youtube.com/@biblevisionru/shorts,,,,,
true,386,bibleproject_shorts_ru,short,https://www.youtube.com/shorts/18YPIfRuqXg,"Hebrews 10:24,25 in modern translation #bible #biblevision",en,ICOC Insights,https://www.youtube.com/@biblevisionru/shorts,,,,,
true,387,bibleproject_shorts_ru,short,https://www.youtube.com/shorts/WqC9LK0EhiE,Romans 8:35-39 in modern translation #bible #biblevision,en,ICOC Insights,https://www.youtube.com/@biblevisionru/shorts,,,,,
true,388,bibleproject_shorts_ru,short,https://www.youtube.com/shorts/29L2RBko8-U,Ефесянам 5:28-33 в современном переводе #библия #biblevision,uk,ICOC Insights,https://www.youtube.com/@biblevisionru/shorts,,,,,
true,389,bibleproject_shorts_ru,short,https://www.youtube.com/shorts/WfV5RDqXCKM,Колоссянам 3:8-11 в современном переводе #библия #biblevision,uk,ICOC Insights,https://www.youtube.com/@biblevisionru/shorts,,,,,
true,390,bibleproject_shorts_ru,short,https://www.youtube.com/shorts/Aw0EbfBPxm8,Ezekiel 36:26-28 in modern translation #bible #biblevision,en,ICOC Insights,https://www.youtube.com/@biblevisionru/shorts,,,,,
true,391,bibleproject_shorts_ru,short,https://www.youtube.com/shorts/6_D5YhKlzlU,Притчи 11:28-31 в современном переводе #библия #biblevision,uk,ICOC Insights,https://www.youtube.com/@biblevisionru/shorts,,,,,
true,392,bibleproject_shorts_ru,short,https://www.youtube.com/shorts/-EvQyLRyfvs,Ефесянам 5:25-27 в современном переводе #библия #biblevision,uk,ICOC Insights,https://www.youtube.com/@biblevisionru/shorts,,,,,
true,393,bibleproject_shorts_ru,short,https://www.youtube.com/shorts/sN2Hw5KyZZA,Псалом 52:5-7 в современном переводе #библия #biblevision,uk,ICOC Insights,https://www.youtube.com/@biblevisionru/shorts,,,,,
true,394,bibleproject_shorts_ru,short,https://www.youtube.com/shorts/fHVmdbGArBo,Притчи 11:9-12 в современном переводе #библия #biblevision,uk,ICOC Insights,https://www.youtube.com/@biblevisionru/shorts,,,,,
true,395,bibleproject_shorts_ru,short,https://www.youtube.com/shorts/0sj8vMqqd1M,Исаии 40:28-31 в современном переводе #библия #biblevision,uk,ICOC Insights,https://www.youtube.com/@biblevisionru/shorts,,,,,
true,396,bibleproject_shorts_ru,short,https://www.youtube.com/shorts/X80-XIG297I,Ефесянам 5:21-24 в современном переводе #библия #biblevision,uk,ICOC Insights,https://www.youtube.com/@biblevisionru/shorts,,,,,
true,397,bibleproject_shorts_ru,short,https://www.youtube.com/shorts/-zaUuOdH73s,Псалом 100:1-4 в современном переводе #библия #biblevision,uk,ICOC Insights,https://www.youtube.com/@biblevisionru/shorts,,,,,
true,398,bibleproject_shorts_ru,short,https://www.youtube.com/shorts/7kMkTGSuNZI,Колоссянам 3:1-7 в современном переводе #библия #biblevision,uk,ICOC Insights,https://www.youtube.com/@biblevisionru/shorts,,,,,
true,399,bibleproject_shorts_ru,short,https://www.youtube.com/shorts/kvm9AwdLGkI,Псалом 52:2-4 в современном переводе #библия #biblevision,uk,ICOC Insights,https://www.youtube.com/@biblevisionru/shorts,,,,,
true,400,bibleproject_shorts_ru,short,https://www.youtube.com/shorts/1x3EMElsIwQ,Псалом 147:1-4 в современном переводе #библия #biblevision,uk,ICOC Insights,https://www.youtube.com/@biblevisionru/shorts,,,,,
true,401,bibleproject_shorts_ru,short,https://www.youtube.com/shorts/-GHYSoJKryE,Притчи 11:24-27 в современном переводе #библия #biblevision,uk,ICOC Insights,https://www.youtube.com/@biblevisionru/shorts,,,,,
true,402,bibleproject_shorts_ru,short,https://www.youtube.com/shorts/qyArT0pK4EQ,Псалом 9:37-39 в современном переводе #библия #biblevision,uk,ICOC Insights,https://www.youtube.com/@biblevisionru/shorts,,,,,
true,403,bibleproject_shorts_ru,short,https://www.youtube.com/shorts/8QSOUgulqfk,Proverbs 11:16-19 in modern translation #bible #biblevision,en,ICOC Insights,https://www.youtube.com/@biblevisionru/shorts,,,,,
true,404,bibleproject_shorts_ru,short,https://www.youtube.com/shorts/ZSkPoYLPQW4,Ефесянам 5:10-15 в современном переводе #библия #biblevision,uk,ICOC Insights,https://www.youtube.com/@biblevisionru/shorts,,,,,
true,405,bibleproject_shorts_ru,short,https://www.youtube.com/shorts/gawdMgcgTLk,Ефесянам 5:16-20 в современном переводе #библия #biblevision,uk,ICOC Insights,https://www.youtube.com/@biblevisionru/shorts,,,,,
true,406,bibleproject_shorts_ru,short,https://www.youtube.com/shorts/19Sd-b-0Spk,Псалом 9:28-32 в современном переводе #библия #biblevision,uk,ICOC Insights,https://www.youtube.com/@biblevisionru/shorts,,,,,
true,407,bibleproject_shorts_ru,short,https://www.youtube.com/shorts/CoqxkDfpOaI,Притчи 11:13-15 в современном переводе #библия #biblevision,uk,ICOC Insights,https://www.youtube.com/@biblevisionru/shorts,,,,,
true,408,bibleproject_shorts_ru,short,https://www.youtube.com/shorts/Yyyf2V6jXVg,Иакова 4:1-3 в современном переводе #библия #biblevision,uk,ICOC Insights,https://www.youtube.com/@biblevisionru/shorts,,,,,
true,409,bibleproject_shorts_ru,short,https://www.youtube.com/shorts/qO5PO_-LPcc,Псалом 146:2-4 в современном переводе #библия #biblevision,uk,ICOC Insights,https://www.youtube.com/@biblevisionru/shorts,,,,,
true,410,bibleproject_shorts_ru,short,https://www.youtube.com/shorts/Rr-QY97ysps,Псалом 9:22-27 в современном переводе #библия #biblevision,uk,ICOC Insights,https://www.youtube.com/@biblevisionru/shorts,,,,,
true,411,bibleproject_shorts_ru,short,https://www.youtube.com/shorts/ZHhfzEnoxR4,Ефесянам 5:1-5 в современном переводе #библия #biblevision,uk,ICOC Insights,https://www.youtube.com/@biblevisionru/shorts,,,,,
true,412,bibleproject_shorts_ru,short,https://www.youtube.com/shorts/lbQBveF7_ok,Иакова 4:14-17 в современном переводе #библия #biblevision,uk,ICOC Insights,https://www.youtube.com/@biblevisionru/shorts,,,,,
true,413,bibleproject_shorts_ru,short,https://www.youtube.com/shorts/jQP4bQ4-83w,Psalm 9:17-21 in modern translation #bible #biblevision,en,ICOC Insights,https://www.youtube.com/@biblevisionru/shorts,,,,,
true,414,bibleproject_shorts_ru,short,https://www.youtube.com/shorts/jidpfiTqdMc,Ефесянам 5:6-9 в современном переводе #библия #biblevision,uk,ICOC Insights,https://www.youtube.com/@biblevisionru/shorts,,,,,
true,415,bibleproject_shorts_ru,short,https://www.youtube.com/shorts/gAHQPzZfVaE,Псалом 83:10-13 в современном переводе #библия #biblevision,uk,ICOC Insights,https://www.youtube.com/@biblevisionru/shorts,,,,,
true,416,bibleproject_shorts_ru,short,https://www.youtube.com/shorts/d_E0-GItnb4,Псалом 9:33-36 в современном переводе #библия #biblevision,uk,ICOC Insights,https://www.youtube.com/@biblevisionru/shorts,,,,,
true,417,bibleproject_shorts_ru,short,https://www.youtube.com/shorts/9_6a8Wxmeis,James 4:4-7 in modern translation #bible #biblevision,en,ICOC Insights,https://www.youtube.com/@biblevisionru/shorts,,,,,
true,418,bibleproject_shorts_ru,short,https://www.youtube.com/shorts/kz-QFgi99tg,Псалом 146:5-11 в современном переводе #библия #biblevision,uk,ICOC Insights,https://www.youtube.com/@biblevisionru/shorts,,,,,
true,419,bibleproject_shorts_ru,short,https://www.youtube.com/shorts/lc4qWpMZS8E,Притчи 11:5-8 в современном переводе #библия #biblevision,uk,ICOC Insights,https://www.youtube.com/@biblevisionru/shorts,,,,,
true,420,bibleproject_shorts_ru,short,https://www.youtube.com/shorts/r8EcTko0kIw,Псалом 83:6-9 в современном переводе #библия #biblevision,uk,ICOC Insights,https://www.youtube.com/@biblevisionru/shorts,,,,,
true,421,bibleproject_shorts_ru,short,https://www.youtube.com/shorts/bNcxEebfC6w,Иакова 4:8-12 в современном переводе #библия #biblevision,uk,ICOC Insights,https://www.youtube.com/@biblevisionru/shorts,,,,,
true,422,bibleproject_shorts_ru,short,https://www.youtube.com/shorts/mu67mLsZido,Псалом 83:2-5 в современном переводе #библия #biblevision,uk,ICOC Insights,https://www.youtube.com/@biblevisionru/shorts,,,,,
true,423,bibleproject_shorts_ru,short,https://www.youtube.com/shorts/w8SpmxjUrQA,Псалом 9:14-16 в современном переводе #библия #biblevision,uk,ICOC Insights,https://www.youtube.com/@biblevisionru/shorts,,,,,
true,424,bibleproject_shorts_ru,short,https://www.youtube.com/shorts/nXHg2f-ZHV4,Isaiah 53:10-12 in modern translation #bible #biblevision,en,ICOC Insights,https://www.youtube.com/@biblevisionru/shorts,,,,,
true,425,bibleproject_shorts_ru,short,https://www.youtube.com/shorts/FXcmX5ix0qc,Псалом 9:8-13 в современном переводе #библия #biblevision,uk,ICOC Insights,https://www.youtube.com/@biblevisionru/shorts,,,,,
true,426,bibleproject_shorts_ru,short,https://www.youtube.com/shorts/vdUbI5Sgb3A,Deuteronomy 28:7-8 in modern translation #bible #biblevision,en,ICOC Insights,https://www.youtube.com/@biblevisionru/shorts,,,,,
true,427,bibleproject_shorts_ru,short,https://www.youtube.com/shorts/lbOWOiF8CX0,Deuteronomy 28:9-11 in modern translation #bible #biblevision,en,ICOC Insights,https://www.youtube.com/@biblevisionru/shorts,,,,,
true,428,bibleproject_shorts_ru,short,https://www.youtube.com/shorts/hoR3J_WLjcc,Isaiah 53:7-9 in modern translation #bible #biblevision,en,ICOC Insights,https://www.youtube.com/@biblevisionru/shorts,,,,,
true,429,bibleproject_shorts_ru,short,https://www.youtube.com/shorts/ULA--t0dVIU,Psalm 9:2-7 in modern translation #bible #biblevision,en,ICOC Insights,https://www.youtube.com/@biblevisionru/shorts,,,,,
true,430,bibleproject_shorts_ru,short,https://www.youtube.com/shorts/Ajjgi3DZA4E,Второзаконие 28:3-6 в современном переводе #библия #biblevision,uk,ICOC Insights,https://www.youtube.com/@biblevisionru/shorts,,,,,
true,431,bibleproject_shorts_ru,short,https://www.youtube.com/shorts/4i72Pdc3N5U,1 Corinthians 13:8-13 in modern translation #bible #biblevision,en,ICOC Insights,https://www.youtube.com/@biblevisionru/shorts,,,,,
true,432,bibleproject_shorts_ru,short,https://www.youtube.com/shorts/GBjLkjK4WFQ,Psalm 139:19-24 in modern translation #bible #biblevision,en,ICOC Insights,https://www.youtube.com/@biblevisionru/shorts,,,,,
true,433,bibleproject_shorts_ru,short,https://www.youtube.com/shorts/-yBAWsTR9t8,Псалом 74:8-11 в современном переводе #библия #biblevision,uk,ICOC Insights,https://www.youtube.com/@biblevisionru/shorts,,,,,
true,434,bibleproject_shorts_ru,short,https://www.youtube.com/shorts/cmD_p67ylQ4,Psalm 135:23-26 in modern translation #bible #biblevision,en,ICOC Insights,https://www.youtube.com/@biblevisionru/shorts,,,,,
true,435,bibleproject_shorts_ru,short,https://www.youtube.com/shorts/0mAl7OAgMis,Psalm 139:14-18 in modern translation #bible #biblevision,en,ICOC Insights,https://www.youtube.com/@biblevisionru/shorts,,,,,
true,436,bibleproject_shorts_ru,short,https://www.youtube.com/shorts/2PDtp8ipImY,Притчи 31:10-14 в современном переводе #библия #biblevision,uk,ICOC Insights,https://www.youtube.com/@biblevisionru/shorts,,,,,
true,437,bibleproject_shorts_ru,short,https://www.youtube.com/shorts/quJHSH1z_Sc,Псалом 74:5-7 в современном переводе #библия #biblevision,uk,ICOC Insights,https://www.youtube.com/@biblevisionru/shorts,,,,,
true,438,bibleproject_shorts_ru,short,https://www.youtube.com/shorts/iy4x2puNa4I,Isaiah 35:7-10 in modern translation #bible #biblevision,en,ICOC Insights,https://www.youtube.com/@biblevisionru/shorts,,,,,
true,439,bibleproject_shorts_ru,short,https://www.youtube.com/shorts/lN9HodL5JbU,Psalm 39:14-18 in modern translation #bible #biblevision,en,ICOC Insights,https://www.youtube.com/@biblevisionru/shorts,,,,,
true,440,bibleproject_shorts_ru,short,https://www.youtube.com/shorts/mkaXyiQMLGQ,Притчи 31:6-9 в современном переводе #библия #biblevision,uk,ICOC Insights,https://www.youtube.com/@biblevisionru/shorts,,,,,
true,441,bibleproject_shorts_ru,short,https://www.youtube.com/shorts/UhTMQvD7XVY,Psalm 28:7-11 in modern translation #bible #biblevision,en,ICOC Insights,https://www.youtube.com/@biblevisionru/shorts,,,,,
true,442,bibleproject_shorts_ru,short,https://www.youtube.com/shorts/A-eEdznkzS8,Исаии 35:4-6 в современном переводе #библия #biblevision,uk,ICOC Insights,https://www.youtube.com/@biblevisionru/shorts,,,,,
true,443,bibleproject_shorts_ru,short,https://www.youtube.com/shorts/aXD8fXVNDNE,Псалом 39:9-13 в современном переводе #библия #biblevision,uk,ICOC Insights,https://www.youtube.com/@biblevisionru/shorts,,,,,
true,444,bibleproject_shorts_ru,short,https://www.youtube.com/shorts/Jlq1W9N7ags,Псалом 102:20-22 в современном переводе #библия #biblevision,uk,ICOC Insights,https://www.youtube.com/@biblevisionru/shorts,,,,,
true,445,bibleproject_shorts_ru,short,https://www.youtube.com/shorts/h3L__PLv5W8,Псалом 28:4-6 в современном переводе #библия #biblevision,uk,ICOC Insights,https://www.youtube.com/@biblevisionru/shorts,,,,,
true,446,bibleproject_shorts_ru,short,https://www.youtube.com/shorts/fdLZg0UTXZI,Псалом 135:17-22 в современном переводе #библия #biblevision,uk,ICOC Insights,https://www.youtube.com/@biblevisionru/shorts,,,,,
true,447,bibleproject_shorts_ru,short,https://www.youtube.com/shorts/hbHwJTI1Xo8,Псалом 102:17-19 в современном переводе #библия #biblevision,uk,ICOC Insights,https://www.youtube.com/@biblevisionru/shorts,,,,,
true,448,bibleproject_shorts_ru,short,https://www.youtube.com/shorts/J6klUXQGugE,Псалом 74:2-4 в современном переводе #библия #biblevision,uk,ICOC Insights,https://www.youtube.com/@biblevisionru/shorts,,,,,
true,449,bibleproject_shorts_ru,short,https://www.youtube.com/shorts/lGJXxZm0ae4,Psalm 139:7-13 in modern translation #bible #biblevision,en,ICOC Insights,https://www.youtube.com/@biblevisionru/shorts,,,,,
true,450,bibleproject_shorts_ru,short,https://www.youtube.com/shorts/N0-JDV1tqSM,Псалом 39:2-4 в современном переводе #библия #biblevision,uk,ICOC Insights,https://www.youtube.com/@biblevisionru/shorts,,,,,
true,451,bibleproject_shorts_ru,short,https://www.youtube.com/shorts/IxKo9yiU8n4,Псалом 135:10-16 в современном переводе #библия #biblevision,uk,ICOC Insights,https://www.youtube.com/@biblevisionru/shorts,,,,,
true,452,bibleproject_shorts_ru,short,https://www.youtube.com/shorts/sQunPyeDatc,Псалом 28:1-3 в современном переводе #библия #biblevision,uk,ICOC Insights,https://www.youtube.com/@biblevisionru/shorts,,,,,
true,453,bibleproject_shorts_ru,short,https://www.youtube.com/shorts/q5Ohl133eDE,Псалом 102:12-16 в современном переводе #библия #biblevision,uk,ICOC Insights,https://www.youtube.com/@biblevisionru/shorts,,,,,
true,454,bibleproject_shorts_ru,short,https://www.youtube.com/shorts/j3F0efMgav0,Psalm 90:11-16 in modern translation #bible #biblevision,en,ICOC Insights,https://www.youtube.com/@biblevisionru/shorts,,,,,
true,455,bibleproject_shorts_ru,short,https://www.youtube.com/shorts/QPUfnpA5OCc,Исаии 35:1-3 в современном переводе #библия #biblevision,uk,ICOC Insights,https://www.youtube.com/@biblevisionru/shorts,,,,,
true,456,bibleproject_shorts_ru,short,https://www.youtube.com/shorts/IkcpHAXsJYQ,Psalm 135:5-9 in modern translation #bible #biblevision,en,ICOC Insights,https://www.youtube.com/@biblevisionru/shorts,,,,,
true,457,bibleproject_shorts_ru,short,https://www.youtube.com/shorts/TNQBaRnfmgc,Притчи 31:2-5 в современном переводе #библия #biblevision,uk,ICOC Insights,https://www.youtube.com/@biblevisionru/shorts,,,,,
true,458,bibleproject_shorts_ru,short,https://www.youtube.com/shorts/UcYGB_AP47E,Псалом 102:6-11 в современном переводе #библия #biblevision,uk,ICOC Insights,https://www.youtube.com/@biblevisionru/shorts,,,,,
true,459,bibleproject_shorts_ru,short,https://www.youtube.com/shorts/1pkDdYEhc3o,"Lord, you have tested me; I am all before you. Psalm 139:1-6 #bible #biblevision",en,ICOC Insights,https://www.youtube.com/@biblevisionru/shorts,,,,,
true,460,bibleproject_shorts_ru,short,https://www.youtube.com/shorts/3iszh5QOAtE,"But he took our torments upon himself, he took our sufferings upon himself! Isaiah 53:4-6 #bible ...",en,ICOC Insights,https://www.youtube.com/@biblevisionru/shorts,,,,,
true,461,bibleproject_shorts_ru,short,https://www.youtube.com/shorts/tlczrr3hCYk,"Ни ужас ночной не страшен тебе, ни стрела, пущенная днем... Псалом 90:5-10 #библия #biblevision",uk,ICOC Insights,https://www.youtube.com/@biblevisionru/shorts,,,,,
true,462,bibleproject_shorts_ru,short,https://www.youtube.com/shorts/IeOFR-7Pa18,"If you have exalted yourself in foolishness, if you have devised evil..Proverbs 30:32-33 #bible #...",en,ICOC Insights,https://www.youtube.com/@biblevisionru/shorts,,,,,
true,463,bibleproject_shorts_ru,short,https://www.youtube.com/shorts/TbM-Kge1h2M,"Любовь терпелива, любовь добра, не завистлива... 1 Коринфянам 13:4-8 #библия #biblevision",ru,ICOC Insights,https://www.youtube.com/@biblevisionru/shorts,,,,,
true,464,bibleproject_shorts_ru,short,https://www.youtube.com/shorts/FyzAKQGxMwI,"Славьте Господа! Ибо Он добр, ибо навек милость Его. Псалом 135:1-4 #библия #biblevision",uk,ICOC Insights,https://www.youtube.com/@biblevisionru/shorts,,,,,
true,465,bibleproject_shorts_ru,short,https://www.youtube.com/shorts/Fu9e3AILrQk,"Кто поверил вести, которую мы принесли? Кому явилась рука Господня?Исаии 53:1-3 #библия #biblevision",ru,ICOC Insights,https://www.youtube.com/@biblevisionru/shorts,,,,,
true,466,bibleproject_shorts_ru,short,https://www.youtube.com/shorts/gORUYBoj6Jc,"Если вы будете слушаться Господа, вашего Бога... Второзаконие 28:1-2 #библия #biblevision",ru,ICOC Insights,https://www.youtube.com/@biblevisionru/shorts,,,,,
true,467,bibleproject_shorts_ru,short,https://www.youtube.com/shorts/Xi0whrX0pXM,"Господь — пастух мой, я ни в чем не знаю нужды… Псалом 22:1-3 #библия #biblevision",ru,ICOC Insights,https://www.youtube.com/@biblevisionru/shorts,,,,,
true,468,bibleproject_shorts_ru,short,https://www.youtube.com/shorts/L6LWxMuBxBU,Proverbs 30:24-31 in modern translation #bible #biblevision,en,ICOC Insights,https://www.youtube.com/@biblevisionru/shorts,,,,,
true,469,bibleproject_shorts_ru,short,https://www.youtube.com/shorts/jiAkoi2Ncuc,1 Петра 1:22-25 в современном переводе #библия #biblevision,uk,ICOC Insights,https://www.youtube.com/@biblevisionru/shorts,,,,,
true,470,bibleproject_shorts_ru,short,https://www.youtube.com/shorts/JsrpBITTTDM,Псалом 102:1-5 в современном переводе #библия #biblevision,uk,ICOC Insights,https://www.youtube.com/@biblevisionru/shorts,,,,,
true,471,bibleproject_shorts_ru,short,https://www.youtube.com/shorts/SVm-Mpj185s,"If I have such faith that I can move mountains, but I do not have love, I am nothing… 1 Corinthia...",en,ICOC Insights,https://www.youtube.com/@biblevisionru/shorts,,,,,
true,472,bibleproject_shorts_ru,short,https://www.youtube.com/shorts/Y66WHayRMCo,"You who dwell in the shadow of the Most High, who find refuge in the shelter of the Mighty. Psalm...",en,ICOC Insights,https://www.youtube.com/@biblevisionru/shorts,,,,,
true,473,bibleproject_shorts_ru,short,https://www.youtube.com/shorts/KZrq95Bfj1Q,"A fool gives way to anger, but a wise man lets it cool. Proverbs 29:11-15 #bible #biblevision",en,ICOC Insights,https://www.youtube.com/@biblevisionru/shorts,,,,,
true,474,bibleproject_shorts_ru,short,https://www.youtube.com/shorts/l3IeWvtzNp0,Ради вас Он был избран до сотворения мира и явлен при завершении времен.1 Петра 1:18-21 #biblevision,ru,ICOC Insights,https://www.youtube.com/@biblevisionru/shorts,,,,,
true,475,bibleproject_shorts_ru,short,https://www.youtube.com/shorts/mfThAlYLSgE,"Будьте святы, потому что Я свят... 1 Петра 1:15-17 #библия #biblevision",ru,ICOC Insights,https://www.youtube.com/@biblevisionru/shorts,,,,,
true,476,bibleproject_shorts_ru,short,https://www.youtube.com/shorts/uoGJ9Pvv_I0,От трех вещей содрогается земля и четвертой вынести не может... Притчи 30:18-23 #библия #biblevision,ru,ICOC Insights,https://www.youtube.com/@biblevisionru/shorts,,,,,
true,477,bibleproject_shorts_ru,short,https://www.youtube.com/shorts/3KbdSNqZ1Vg,"And know this: I am with you always, to the end of the world... Matthew 28:18-20 #bible #biblevision",en,ICOC Insights,https://www.youtube.com/@biblevisionru/shorts,,,,,
true,478,bibleproject_shorts_ru,short,https://www.youtube.com/shorts/78GWukpT46s,"Любите друг друга. Как Я вас полюбил, так и вы любите... Иоанна 13:31-35 #библия #biblevision",ru,ICOC Insights,https://www.youtube.com/@biblevisionru/shorts,,,,,
true,479,bibleproject_shorts_ru,short,https://www.youtube.com/shorts/LN-EzdP8W3k,Put all your hope in God's goodness... 1 Peter 1:13-14 #bible #biblevision,en,ICOC Insights,https://www.youtube.com/@biblevisionru/shorts,,,,,
true,480,bibleproject_shorts_ru,short,https://www.youtube.com/shorts/caBpiRJlO00,He who is hardened by reproof will perish suddenly and... Proverbs 29:1-5 #bible #biblevision,en,ICOC Insights,https://www.youtube.com/@biblevisionru/shorts,,,,,
true,481,bibleproject_shorts_ru,short,https://www.youtube.com/shorts/YuF2Rtk7hzU,Вы прошли вместе со Мной через все испытания... Луки 22:25-30 #библия #biblevision,ru,ICOC Insights,https://www.youtube.com/@biblevisionru/shorts,,,,,
true,482,bibleproject_shorts_ru,short,https://www.youtube.com/shorts/Gad3UvwDTM8,"Вы любите Его, хотя и не видели, вы верите в Него, хотя и... 1 Петра 1:8-12 #библия #biblevision",ru,ICOC Insights,https://www.youtube.com/@biblevisionru/shorts,,,,,
true,483,bibleproject_shorts_ru,short,https://www.youtube.com/shorts/TCMo9mnTgzo,Go into all the world and proclaim the Good News to all people! Mark 16:15-19 #bible #biblevision,en,ICOC Insights,https://www.youtube.com/@biblevisionru/shorts,,,,,
true,484,bibleproject_shorts_ru,short,https://www.youtube.com/shorts/qLb6VkmGkoE,Помазанник должен был претерпеть страдания и на третий день воскреснуть...Луки 24:47-51 #biblevision,ru,ICOC Insights,https://www.youtube.com/@biblevisionru/shorts,,,,,
true,485,bibleproject_shorts_ru,short,https://www.youtube.com/shorts/TPedx9jV1S4,И вдруг сам Иисус стоит посреди и говорит им: «Мир вам! Луки 24:36-39 #библия #biblevision,uk,ICOC Insights,https://www.youtube.com/@biblevisionru/shorts,,,,,
true,486,bibleproject_shorts_ru,short,https://www.youtube.com/shorts/mzd857U-_M0,"He is not here, He is risen... Luke 24:5-7 #bible #biblevision",en,ICOC Insights,https://www.youtube.com/@biblevisionru/shorts,,,,,
true,487,bibleproject_shorts_ru,short,https://www.youtube.com/shorts/w8KozEiwHrQ,"Father, into your hands I commit my spirit! Luke 23:39-46 #bible #biblevision",en,ICOC Insights,https://www.youtube.com/@biblevisionru/shorts,,,,,
true,488,bibleproject_shorts_ru,short,https://www.youtube.com/shorts/YazpAREXDV8,"Я для того родился и для того пришел в мир, чтобы... Иоанна 18:36-37 #библия #biblevision",uk,ICOC Insights,https://www.youtube.com/@biblevisionru/shorts,,,,,
true,489,bibleproject_shorts_ru,short,https://www.youtube.com/shorts/z6cA6LLy5lw,"Не спите, молитесь, чтобы устоять в испытании… Матфея 26:38-41 #библия #biblevision",ru,ICOC Insights,https://www.youtube.com/@biblevisionru/shorts,,,,,
true,490,bibleproject_shorts_ru,short,https://www.youtube.com/shorts/ND62I3R3o30,Как Мне хотелось есть эту Пасху вместе с вами до Моих страданий! Луки 22:15-20  #библия #biblevision,ru,ICOC Insights,https://www.youtube.com/@biblevisionru/shorts,,,,,
true,491,bibleproject_shorts_ru,short,https://www.youtube.com/shorts/-s82jNYDkr0,"Кто Меня принимает, принимает Того, кто послам Меня... Иоанна 13:18-20 #библия #biblevision",uk,ICOC Insights,https://www.youtube.com/@biblevisionru/shorts,,,,,
true,492,bibleproject_shorts_ru,short,https://www.youtube.com/shorts/95z2QyiLoEM,"Понимаете вы, что Я сделал для вас? Иоанна 13:12-17  #библия #biblevision",ru,ICOC Insights,https://www.youtube.com/@biblevisionru/shorts,,,,,
true,493,bibleproject_shorts_ru,short,https://www.youtube.com/shorts/UL97nt1yEBo,Притчи 30:15-17 в современном переводе #библия #biblevision,uk,ICOC Insights,https://www.youtube.com/@biblevisionru/shorts,,,,,
true,494,bibleproject_shorts_ru,short,https://www.youtube.com/shorts/nmiILpUEQmU,Марка 13:14-20 в современном переводе #библия #biblevision,uk,ICOC Insights,https://www.youtube.com/@biblevisionru/shorts,,,,,
true,495,bibleproject_shorts_ru,short,https://www.youtube.com/shorts/snlpC8SY4Fw,Притчи 29:22-27 в современном переводе #библия #biblevision,uk,ICOC Insights,https://www.youtube.com/@biblevisionru/shorts,,,,,
true,496,bibleproject_shorts_ru,short,https://www.youtube.com/shorts/s92neRBUkrk,1 Петра 1:3-7 в современном переводе #библия #biblevision,uk,ICOC Insights,https://www.youtube.com/@biblevisionru/shorts,,,,,
true,497,bibleproject_shorts_ru,short,https://www.youtube.com/shorts/2SWfzb2zG6Q,Притчи 30:10-14 в современном переводе #библия #biblevision,uk,ICOC Insights,https://www.youtube.com/@biblevisionru/shorts,,,,,
true,498,bibleproject_shorts_ru,short,https://www.youtube.com/shorts/7BQUKdeftic,Псалом 35:11-13 в современном переводе #библия #biblevision,uk,ICOC Insights,https://www.youtube.com/@biblevisionru/shorts,,,,,
true,499,bibleproject_shorts_ru,short,https://www.youtube.com/shorts/0E5HxeGReaA,Притчи 29:16-21 в современном переводе #библия #biblevision,uk,ICOC Insights,https://www.youtube.com/@biblevisionru/shorts,,,,,
true,500,bibleproject_shorts_ru,short,https://www.youtube.com/shorts/Bo_VEz8bnyk,Psalm 60:6-9 in modern translation #bible #biblevision,en,ICOC Insights,https://www.youtube.com/@biblevisionru/shorts,,,,,
true,501,bibleproject_shorts_ru,short,https://www.youtube.com/shorts/NMBIyWGD07A,Mark 12:41-44 in modern translation #bible #biblevision,en,ICOC Insights,https://www.youtube.com/@biblevisionru/shorts,,,,,
true,502,bibleproject_shorts_ru,short,https://www.youtube.com/shorts/-aPVpIm9gsc,Псалом 32:18-22 в современном переводе #библия #biblevision,uk,ICOC Insights,https://www.youtube.com/@biblevisionru/shorts,,,,,
true,503,bibleproject_shorts_ru,short,https://www.youtube.com/shorts/Tme1GXIwH7U,Притчи 29:6-10 в современном переводе #библия #biblevision,uk,ICOC Insights,https://www.youtube.com/@biblevisionru/shorts,,,,,
true,504,bibleproject_shorts_ru,short,https://www.youtube.com/shorts/Fad8jZE1MCU,Псалом 35:6-10 в современном переводе #библия #biblevision,uk,ICOC Insights,https://www.youtube.com/@biblevisionru/shorts,,,,,
true,505,bibleproject_shorts_ru,short,https://www.youtube.com/shorts/SPp0ikfHaYM,Mark 12:38-40 in modern translation #bible #biblevision,en,ICOC Insights,https://www.youtube.com/@biblevisionru/shorts,,,,,
true,506,bibleproject_shorts_ru,short,https://www.youtube.com/shorts/YCI7hRA4QIo,Притчи 30:7-9 в современном переводе #библия #biblevision,uk,ICOC Insights,https://www.youtube.com/@biblevisionru/shorts,,,,,
true,507,bibleproject_shorts_ru,short,https://www.youtube.com/shorts/FRWCuHcTVBE,Псалом 32:12-17 в современном переводе #библия #biblevision,uk,ICOC Insights,https://www.youtube.com/@biblevisionru/shorts,,,,,
true,508,bibleproject_shorts_ru,short,https://www.youtube.com/shorts/3S-9XyqqPC8,Псалом 35:2-5 в современном переводе #библия #biblevision,uk,ICOC Insights,https://www.youtube.com/@biblevisionru/shorts,,,,,
true,509,bibleproject_shorts_ru,short,https://www.youtube.com/shorts/suu1QB-dhlQ,Марка 13:32-37 в современном переводе #библия #biblevision,uk,ICOC Insights,https://www.youtube.com/@biblevisionru/shorts,,,,,
true,510,bibleproject_shorts_ru,short,https://www.youtube.com/shorts/rCz66CeMrNM,Псалом 60:4-5 в современном переводе #библия #biblevision,uk,ICOC Insights,https://www.youtube.com/@biblevisionru/shorts,,,,,
true,511,bibleproject_shorts_ru,short,https://www.youtube.com/shorts/B0uxMvfTmd8,Притчи 30:4-6 в современном переводе #библия #biblevision,uk,ICOC Insights,https://www.youtube.com/@biblevisionru/shorts,,,,,
true,512,bibleproject_shorts_ru,short,https://www.youtube.com/shorts/gNBwsSMqgmA,Псалом 32:6-11 в современном переводе #библия #biblevision,uk,ICOC Insights,https://www.youtube.com/@biblevisionru/shorts,,,,,
true,513,bibleproject_shorts_ru,short,https://www.youtube.com/shorts/J3d6_UBbHKQ,Proverbs 27:25-27 in modern translation #bible #biblevision,en,ICOC Insights,https://www.youtube.com/@biblevisionru/shorts,,,,,
true,514,bibleproject_shorts_ru,short,https://www.youtube.com/shorts/wpcJMWLGFrc,Марка 13:21-26 в современном переводе #библия #biblevision,uk,ICOC Insights,https://www.youtube.com/@biblevisionru/shorts,,,,,
true,515,bibleproject_shorts_ru,short,https://www.youtube.com/shorts/tgdjULWCJWM,1 Иоанна 1:1-3 в современном переводе #библия #biblevision,uk,ICOC Insights,https://www.youtube.com/@biblevisionru/shorts,,,,,
true,516,bibleproject_shorts_ru,short,https://www.youtube.com/shorts/8UpphoXT81M,Псалом 60:2-3 в современном переводе #библия #biblevision,uk,ICOC Insights,https://www.youtube.com/@biblevisionru/shorts,,,,,
true,517,bibleproject_shorts_ru,short,https://www.youtube.com/shorts/wBgbvU9qw5o,Марка 13:27-31 в современном переводе #библия #biblevision,uk,ICOC Insights,https://www.youtube.com/@biblevisionru/shorts,,,,,
true,518,bibleproject_shorts_ru,short,https://www.youtube.com/shorts/P2sxHt52ytY,Псалом 32:1-5  в современном переводе #библия #biblevision,uk,ICOC Insights,https://www.youtube.com/@biblevisionru/shorts,,,,,
true,519,bibleproject_shorts_ru,short,https://www.youtube.com/shorts/PvVjPJIv5YI,1 John 2:4-6 in modern translation #bible #biblevision,en,ICOC Insights,https://www.youtube.com/@biblevisionru/shorts,,,,,
true,520,bibleproject_shorts_ru,short,https://www.youtube.com/shorts/ceU-uW1Wcmw,1 John 2:4-6 in modern translation #bible #biblevision,en,ICOC Insights,https://www.youtube.com/@biblevisionru/shorts,,,,,
true,521,bibleproject_shorts_ru,short,https://www.youtube.com/shorts/omrOzR74fJk,Притчи 28:21-24 в современном переводе #библия #biblevision,uk,ICOC Insights,https://www.youtube.com/@biblevisionru/shorts,,,,,
true,522,bibleproject_shorts_ru,short,https://www.youtube.com/shorts/5jc50equ9VY,Марка 13:7-10 в современном переводе #библия #biblevision,uk,ICOC Insights,https://www.youtube.com/@biblevisionru/shorts,,,,,
true,523,bibleproject_shorts_ru,short,https://www.youtube.com/shorts/5rMVJPa540A,Притчи 25:2-5 в современном переводе #библия #biblevision,uk,ICOC Insights,https://www.youtube.com/@biblevisionru/shorts,,,,,
true,524,bibleproject_shorts_ru,short,https://www.youtube.com/shorts/6LEgX_BDNCk,Mark 13:11-13 in modern translation #bible #biblevision,en,ICOC Insights,https://www.youtube.com/@biblevisionru/shorts,,,,,
true,525,bibleproject_shorts_ru,short,https://www.youtube.com/shorts/F-ZaCv6JUHM,Притчи 27:21-24 в современном переводе #библия #biblevision,uk,ICOC Insights,https://www.youtube.com/@biblevisionru/shorts,,,,,
true,526,bibleproject_shorts_ru,short,https://www.youtube.com/shorts/AHIW2dS0WCw,Псалом 70:8-13 в современном переводе #библия #biblevision,uk,ICOC Insights,https://www.youtube.com/@biblevisionru/shorts,,,,,
true,527,bibleproject_shorts_ru,short,https://www.youtube.com/shorts/bXm1mMfCDi0,1 Иоанна 2:1-3 в современном переводе #библия #biblevision,uk,ICOC Insights,https://www.youtube.com/@biblevisionru/shorts,,,,,
true,528,bibleproject_shorts_ru,short,https://www.youtube.com/shorts/UG4Y3lTtfGE,Псалом 143:9-15 в современном переводе #библия #biblevision,uk,ICOC Insights,https://www.youtube.com/@biblevisionru/shorts,,,,,
true,529,bibleproject_shorts_ru,short,https://www.youtube.com/shorts/ySPppnMYR8E,Марка 12:25-27 в современном переводе #библия #biblevision,uk,ICOC Insights,https://www.youtube.com/@biblevisionru/shorts,,,,,
true,530,bibleproject_shorts_ru,short,https://www.youtube.com/shorts/ifANPyMuPD0,Псалом 70:19-24 в современном переводе #библия #biblevision,uk,ICOC Insights,https://www.youtube.com/@biblevisionru/shorts,,,,,
true,531,bibleproject_shorts_ru,short,https://www.youtube.com/shorts/U73hYycUc6E,Притчи 28:25-28 в современном переводе #библия #biblevision,uk,ICOC Insights,https://www.youtube.com/@biblevisionru/shorts,,,,,
true,532,bibleproject_shorts_ru,short,https://www.youtube.com/shorts/EpFqGXT3z38,Псалом 54:12-16 в современном переводе #библия #biblevision,uk,ICOC Insights,https://www.youtube.com/@biblevisionru/shorts,,,,,
true,533,bibleproject_shorts_ru,short,https://www.youtube.com/shorts/7XrUaO_lxRI,Mark 13:3-6 in modern translation #bible #biblevision,en,ICOC Insights,https://www.youtube.com/@biblevisionru/shorts,,,,,
true,534,bibleproject_shorts_ru,short,https://www.youtube.com/shorts/kbzNptY-lZU,1 Петра 3:18-22 в современном переводе #библия #biblevision,uk,ICOC Insights,https://www.youtube.com/@biblevisionru/shorts,,,,,
true,535,bibleproject_shorts_ru,short,https://www.youtube.com/shorts/JAd3gf4s49s,Псалом 70:14-18 в современном переводе #библия #biblevision,uk,ICOC Insights,https://www.youtube.com/@biblevisionru/shorts,,,,,
true,536,bibleproject_shorts_ru,short,https://www.youtube.com/shorts/IvH0xZxu5Og,Притчи 27:6-10 в современном переводе #библия #biblevision,uk,ICOC Insights,https://www.youtube.com/@biblevisionru/shorts,,,,,
true,537,bibleproject_shorts_ru,short,https://www.youtube.com/shorts/jyEE076KWng,Mark 12:13-17 in modern translation #bible #biblevision,en,ICOC Insights,https://www.youtube.com/@biblevisionru/shorts,,,,,
true,538,bibleproject_shorts_ru,short,https://www.youtube.com/shorts/oVK96_1jkSg,Псалом 129:1-4 в современном переводе #библия #biblevision,uk,ICOC Insights,https://www.youtube.com/@biblevisionru/shorts,,,,,
true,539,bibleproject_shorts_ru,short,https://www.youtube.com/shorts/VKypTTGfNs4,Псалом 54:7-11 в современном переводе #библия #biblevision,uk,ICOC Insights,https://www.youtube.com/@biblevisionru/shorts,,,,,
true,540,bibleproject_shorts_ru,short,https://www.youtube.com/shorts/CT76G7QE16I,Псалом 41:6-8 в современном переводе #библия #biblevision,uk,ICOC Insights,https://www.youtube.com/@biblevisionru/shorts,,,,,
true,541,bibleproject_shorts_ru,short,https://www.youtube.com/shorts/9Pq1lgo4qr8,Псалом 70:1-7 в современном переводе #библия #biblevision,uk,ICOC Insights,https://www.youtube.com/@biblevisionru/shorts,,,,,
true,542,bibleproject_shorts_ru,short,https://www.youtube.com/shorts/IWaJOCnJEqI,Притчи 27:15-19 в современном переводе #библия #biblevision,uk,ICOC Insights,https://www.youtube.com/@biblevisionru/shorts,,,,,
true,543,bibleproject_shorts_ru,short,https://www.youtube.com/shorts/Ne3rcOmin_c,1 Петра 3:15-17 в современном переводе #библия #biblevision,uk,ICOC Insights,https://www.youtube.com/@biblevisionru/shorts,,,,,
true,544,bibleproject_shorts_ru,short,https://www.youtube.com/shorts/fPxqFfFQj8U,Proverbs 28:16-20 in modern translation #bible #biblevision,en,ICOC Insights,https://www.youtube.com/@biblevisionru/shorts,,,,,
true,545,bibleproject_shorts_ru,short,https://www.youtube.com/shorts/C4VD7npHzm4,Psalm 145:6-10 in modern translation #bible #biblevision,en,ICOC Insights,https://www.youtube.com/@biblevisionru/shorts,,,,,
true,546,bibleproject_shorts_ru,short,https://www.youtube.com/shorts/ssHJNua3CEg,1 Петра 3:12-14 в современном переводе #библия #biblevision,uk,ICOC Insights,https://www.youtube.com/@biblevisionru/shorts,,,,,
true,547,bibleproject_shorts_ru,short,https://www.youtube.com/shorts/A9QWLduujPk,Притчи 27:11-14 в современном переводе #библия #biblevision,uk,ICOC Insights,https://www.youtube.com/@biblevisionru/shorts,,,,,
true,548,bibleproject_shorts_ru,short,https://www.youtube.com/shorts/grbxZVlYx9Y,Psalm 54:2-6 in modern translation #bible #biblevision,en,ICOC Insights,https://www.youtube.com/@biblevisionru/shorts,,,,,
true,549,bibleproject_shorts_ru,short,https://www.youtube.com/shorts/WuZjkHh28oI,1 Петра 3:9-11 в современном переводе #библия #biblevision,uk,ICOC Insights,https://www.youtube.com/@biblevisionru/shorts,,,,,
true,550,bibleproject_shorts_ru,short,https://www.youtube.com/shorts/Fv2fRR9sxmY,Притчи 28:11-15 в современном переводе #библия #biblevision,uk,ICOC Insights,https://www.youtube.com/@biblevisionru/shorts,,,,,
true,551,bibleproject_shorts_ru,short,https://www.youtube.com/shorts/5uJfX3Q5XpU,Псалом 145:1-5 в современном переводе #библия #biblevision,uk,ICOC Insights,https://www.youtube.com/@biblevisionru/shorts,,,,,
true,552,bibleproject_shorts_ru,short,https://www.youtube.com/shorts/MwL6EoGLGxs,Psalm 143:5-8 in modern translation #bible #biblevision,en,ICOC Insights,https://www.youtube.com/@biblevisionru/shorts,,,,,
true,553,bibleproject_shorts_ru,short,https://www.youtube.com/shorts/PTKdQL3HJCw,1 Peter 3:7-8 in modern translation #biblevision,en,ICOC Insights,https://www.youtube.com/@biblevisionru/shorts,,,,,
true,554,bibleproject_shorts_ru,short,https://www.youtube.com/shorts/RcyaeigucN8,Псалом 143:1-4 в современном переводе #biblevision,uk,ICOC Insights,https://www.youtube.com/@biblevisionru/shorts,,,,,
true,555,bibleproject_shorts_ru,short,https://www.youtube.com/shorts/LmO932y4C80,Притчи 28:6-10 в современном переводе #biblevision,uk,ICOC Insights,https://www.youtube.com/@biblevisionru/shorts,,,,,
true,556,bibleproject_shorts_ru,short,https://www.youtube.com/shorts/_KvMtad7WqY,Psalm 150 in modern translation #biblevision,en,ICOC Insights,https://www.youtube.com/@biblevisionru/shorts,,,,,
true,557,bibleproject_shorts_ru,short,https://www.youtube.com/shorts/YL-I8jjuWto,1 Петра 3:1-6 в современном переводе #biblevision,uk,ICOC Insights,https://www.youtube.com/@biblevisionru/shorts,,,,,
true,558,bibleproject_shorts_ru,short,https://www.youtube.com/shorts/sIg2EcSWCj8,Притчи 28:1-5 в современном переводе #biblevision,uk,ICOC Insights,https://www.youtube.com/@biblevisionru/shorts,,,,,
true,559,bibleproject_shorts_ru,short,https://www.youtube.com/shorts/kYjIbyGmwpQ,Псалом 54:23-24 в современном переводе #biblevision,uk,ICOC Insights,https://www.youtube.com/@biblevisionru/shorts,,,,,
true,560,bibleproject_shorts_ru,short,https://www.youtube.com/shorts/F3vWgQyZuUk,Притчи 27:1-5 в современном переводе #biblevision,uk,ICOC Insights,https://www.youtube.com/@biblevisionru/shorts,,,,,
true,561,bibleproject_shorts_ru,short,https://www.youtube.com/shorts/s4__0X17aR8,Псалом 54:17-22 в современном переводе #biblevision,uk,ICOC Insights,https://www.youtube.com/@biblevisionru/shorts,,,,,
true,562,bibleproject_shorts_ru,short,https://www.youtube.com/shorts/FszgdXlH-Os,1 John 5:16-17 in modern translation #biblevision,en,ICOC Insights,https://www.youtube.com/@biblevisionru/shorts,,,,,
true,563,bibleproject_shorts_ru,short,https://www.youtube.com/shorts/jdsbF7TuI5M,Псалом 33:19-23 в современном переводе #biblevision,uk,ICOC Insights,https://www.youtube.com/@biblevisionru/shorts,,,,,
true,564,bibleproject_shorts_ru,short,https://www.youtube.com/shorts/IoNGJ5ljd2Y,Proverbs 26:23-28 in modern translation #biblevision,en,ICOC Insights,https://www.youtube.com/@biblevisionru/shorts,,,,,
true,565,bibleproject_shorts_ru,short,https://www.youtube.com/shorts/w-JDFV-WyAQ,1 John 2:23-25 ​​in modern translation #biblevision,en,ICOC Insights,https://www.youtube.com/@biblevisionru/shorts,,,,,
true,566,bibleproject_shorts_ru,short,https://www.youtube.com/shorts/Qj7oLVRiZ6M,Псалом 33:16-18 в современном переводе #biblevision,uk,ICOC Insights,https://www.youtube.com/@biblevisionru/shorts,,,,,
true,567,bibleproject_shorts_ru,short,https://www.youtube.com/shorts/0ERitCNO9Fs,1 Иоанна 5:13-15 в современном переводе #biblevision,uk,ICOC Insights,https://www.youtube.com/@biblevisionru/shorts,,,,,
true,568,bibleproject_shorts_ru,short,https://www.youtube.com/shorts/x7cpB4pwhlY,Псалом 40:11-14 в современном переводе #biblevision,uk,ICOC Insights,https://www.youtube.com/@biblevisionru/shorts,,,,,
true,569,bibleproject_shorts_ru,short,https://www.youtube.com/shorts/nkGMAYNH_7o,Proverbs 26:17-22 in modern translation #biblevision,en,ICOC Insights,https://www.youtube.com/@biblevisionru/shorts,,,,,
true,570,bibleproject_shorts_ru,short,https://www.youtube.com/shorts/UnnK0yeU2X8,1 Иоанна 2:9-11 в современном переводе #biblevision,uk,ICOC Insights,https://www.youtube.com/@biblevisionru/shorts,,,,,
true,571,bibleproject_shorts_ru,short,https://www.youtube.com/shorts/IbCxYaUEIoQ,Псалом 33:12-15 в современном переводе #biblevision,uk,ICOC Insights,https://www.youtube.com/@biblevisionru/shorts,,,,,
true,572,bibleproject_shorts_ru,short,https://www.youtube.com/shorts/XSAl1m_Q1QE,Proverbs 26:12-16 in modern translation #biblevision,en,ICOC Insights,https://www.youtube.com/@biblevisionru/shorts,,,,,
true,573,bibleproject_shorts_ru,short,https://www.youtube.com/shorts/-fEMXKhCZPE,Псалом 40:6-10 в современном переводе #biblevision,uk,ICOC Insights,https://www.youtube.com/@biblevisionru/shorts,,,,,
true,574,bibleproject_shorts_ru,short,https://www.youtube.com/shorts/r5eRTHLwoH0,1 Иоанна 1:8-10 в современном переводе #biblevision,uk,ICOC Insights,https://www.youtube.com/@biblevisionru/shorts,,,,,
true,575,bibleproject_shorts_ru,short,https://www.youtube.com/shorts/9X3PPfFpvAc,Псалом 33:7-11 в современном переводе #biblevision,uk,ICOC Insights,https://www.youtube.com/@biblevisionru/shorts,,,,,
true,576,bibleproject_shorts_ru,short,https://www.youtube.com/shorts/BZ1KIDI_N44,Притчи 26:7-11 в современном переводе #biblevision,uk,ICOC Insights,https://www.youtube.com/@biblevisionru/shorts,,,,,
true,577,bibleproject_shorts_ru,short,https://www.youtube.com/shorts/8pV7u5yRF3c,1 Иоанна 5:4-8 в современном переводе #biblevision,uk,ICOC Insights,https://www.youtube.com/@biblevisionru/shorts,,,,,
true,578,bibleproject_shorts_ru,short,https://www.youtube.com/shorts/LlQki9nRsx8,Притчи 26:1-6 в современном переводе #biblevision,uk,ICOC Insights,https://www.youtube.com/@biblevisionru/shorts,,,,,
true,579,bibleproject_shorts_ru,short,https://www.youtube.com/shorts/Y3bcilk-FPQ,1 Иоанна 5:18-20 в современном переводе #biblevision,uk,ICOC Insights,https://www.youtube.com/@biblevisionru/shorts,,,,,
true,580,bibleproject_shorts_ru,short,https://www.youtube.com/shorts/p0fz2btJ84c,Псалом 40:2-5 в современном переводе #biblevision,uk,ICOC Insights,https://www.youtube.com/@biblevisionru/shorts,,,,,
true,581,bibleproject_shorts_ru,short,https://www.youtube.com/shorts/V6ZYiVZmyYc,1 Иоанна 1:5-7 в современном переводе #biblevision,uk,ICOC Insights,https://www.youtube.com/@biblevisionru/shorts,,,,,
true,582,bibleproject_shorts_ru,short,https://www.youtube.com/shorts/RPQBUm1dQHA,Притчи 25:25-28 в современном переводе #biblevision,uk,ICOC Insights,https://www.youtube.com/@biblevisionru/shorts,,,,,
true,583,bibleproject_shorts_ru,short,https://www.youtube.com/shorts/NDjTxxMsmNI,Псалом 33:2-6 в современном переводе #biblevision,uk,ICOC Insights,https://www.youtube.com/@biblevisionru/shorts,,,,,
true,584,bibleproject_shorts_ru,short,https://www.youtube.com/shorts/4og9pzXPP9Q,1 John 2:15-17 in modern translation #biblevision,en,ICOC Insights,https://www.youtube.com/@biblevisionru/shorts,,,,,
true,585,bibleproject_shorts_ru,short,https://www.youtube.com/shorts/id4fVI7gar4,Притчи 25:21-24 в современном переводе,uk,ICOC Insights,https://www.youtube.com/@biblevisionru/shorts,,,,,
true,586,bibleproject_shorts_ru,short,https://www.youtube.com/shorts/Xg-yLMXpIxg,Псалом 41:9-12 в современном переводе #biblevision,uk,ICOC Insights,https://www.youtube.com/@biblevisionru/shorts,,,,,
true,587,bibleproject_shorts_ru,short,https://www.youtube.com/shorts/bb_LqyUAmik,1 Иоанна 5:9-12 в современном переводе #biblevision,uk,ICOC Insights,https://www.youtube.com/@biblevisionru/shorts,,,,,
true,588,bibleproject_shorts_ru,short,https://www.youtube.com/shorts/9L2kRNoF3vM,Притчи 25:15-20 в современном переводе #biblevision,uk,ICOC Insights,https://www.youtube.com/@biblevisionru/shorts,,,,,
true,589,bibleproject_shorts_ru,short,https://www.youtube.com/shorts/GK4PtdxXxpI,Псалом 129:5-8 в современном переводе,uk,ICOC Insights,https://www.youtube.com/@biblevisionru/shorts,,,,,
true,590,bibleproject_shorts_ru,short,https://www.youtube.com/shorts/sF690r_g58k,1 John 2:18-22 in modern translation,en,ICOC Insights,https://www.youtube.com/@biblevisionru/shorts,,,,,
true,591,bibleproject_shorts_ru,short,https://www.youtube.com/shorts/e3dhC3ERp6A,Proverbs 25:6-10 in modern translation,en,ICOC Insights,https://www.youtube.com/@biblevisionru/shorts,,,,,
true,592,bibleproject_shorts_ru,short,https://www.youtube.com/shorts/lZQiGtdA07g,Псалом 41:2-5 в современном переводе,uk,ICOC Insights,https://www.youtube.com/@biblevisionru/shorts,,,,,
true,593,bibleproject_shorts_ru,short,https://www.youtube.com/shorts/pS7Ahk1UuP0,1 Иоанна 2:11-14 в современном переводе,uk,ICOC Insights,https://www.youtube.com/@biblevisionru/shorts,,,,,
true,594,bibleproject_shorts_ru,short,https://www.youtube.com/shorts/61lYZWSo6x4,Притчи 25:11-14 в современном переводе,uk,ICOC Insights,https://www.youtube.com/@biblevisionru/shorts,,,,,
true,595,bibleproject_shorts_ru,short,https://www.youtube.com/shorts/163dQ9ZAEW8,📖 Евреям 13:7-9 в современном переводе,uk,ICOC Insights,https://www.youtube.com/@biblevisionru/shorts,,,,,
true,596,bibleproject_shorts_ru,short,https://www.youtube.com/shorts/zZT2hvgPFhY,📖 Псалом 141:5-7 в современном переводе,uk,ICOC Insights,https://www.youtube.com/@biblevisionru/shorts,,,,,
true,597,bibleproject_shorts_ru,short,https://www.youtube.com/shorts/R3u-JGHusnI,📖 Матфея 10:39-42 в современном переводе,uk,ICOC Insights,https://www.youtube.com/@biblevisionru/shorts,,,,,
true,598,bibleproject_shorts_ru,short,https://www.youtube.com/shorts/YdBsGkQMkvg,📖 Hebrews 13:1-6 in modern translation,en,ICOC Insights,https://www.youtube.com/@biblevisionru/shorts,,,,,
true,599,bibleproject_shorts_ru,short,https://www.youtube.com/shorts/np0c31p7TTY,📖 Matthew 10:34-38 in modern translation,en,ICOC Insights,https://www.youtube.com/@biblevisionru/shorts,,,,,
true,600,bibleproject_shorts_ru,short,https://www.youtube.com/shorts/8cEYYv0YNdg,📖 Галатам 6:7-10 в современном переводе,uk,ICOC Insights,https://www.youtube.com/@biblevisionru/shorts,,,,,
true,601,bibleproject_shorts_ru,short,https://www.youtube.com/shorts/L9-Mf00IDMw,📖 Псалом 141:1-4 в современном переводе,uk,ICOC Insights,https://www.youtube.com/@biblevisionru/shorts,,,,,
true,602,bibleproject_shorts_ru,short,https://www.youtube.com/shorts/MGy1pJdInSI,📖 Галатам 6:1-6 в современном переводе,uk,ICOC Insights,https://www.youtube.com/@biblevisionru/shorts,,,,,
true,603,bibleproject_shorts_ru,short,https://www.youtube.com/shorts/erxcWwssHHk,📖 Притчи 13:21 в современном переводе,uk,ICOC Insights,https://www.youtube.com/@biblevisionru/shorts,,,,,
true,604,bibleproject_shorts_ru,short,https://www.youtube.com/shorts/PZlcjilY3MU,"📖 Псалом 120:7,8 в современном переводе",uk,ICOC Insights,https://www.youtube.com/@biblevisionru/shorts,,,,,
true,605,bibleproject_shorts_ru,short,https://www.youtube.com/shorts/t_0NtMhURow,"📖 Откровение 21:6,7 в современном переводе",uk,ICOC Insights,https://www.youtube.com/@biblevisionru/shorts,,,,,
true,606,bibleproject_shorts_ru,short,https://www.youtube.com/shorts/YuP7LQfmQLE,📖 Притчи 15:30-33 в современном переводе,uk,ICOC Insights,https://www.youtube.com/@biblevisionru/shorts,,,,,
true,607,bibleproject_shorts_ru,short,https://www.youtube.com/shorts/LFiXTSvrenk,📖 Ефесянам 4:31-32 в современном переводе,uk,ICOC Insights,https://www.youtube.com/@biblevisionru/shorts,,,,,
true,608,bibleproject_shorts_ru,short,https://www.youtube.com/shorts/6byuIf7LMFo,📖 Притчи 13:16-18 в современном переводе,uk,ICOC Insights,https://www.youtube.com/@biblevisionru/shorts,,,,,
true,609,bibleproject_shorts_ru,short,https://www.youtube.com/shorts/ahzLQL5jlXc,📖 Откровение 21:4 в современном переводе,uk,ICOC Insights,https://www.youtube.com/@biblevisionru/shorts,,,,,
true,610,bibleproject_shorts_ru,short,https://www.youtube.com/shorts/kezeln84OrQ,📖 Притчи 13:9-10 в современном переводе,uk,ICOC Insights,https://www.youtube.com/@biblevisionru/shorts,,,,,
true,611,bibleproject_shorts_ru,short,https://www.youtube.com/shorts/No_LkMUc4Hk,📖 Ефесянам 4:29 в современном переводе,uk,ICOC Insights,https://www.youtube.com/@biblevisionru/shorts,,,,,
true,612,bibleproject_shorts_ru,short,https://www.youtube.com/shorts/EeeFcKwNy14,📖 Притчи 15:25-29 в современном переводе,uk,ICOC Insights,https://www.youtube.com/@biblevisionru/shorts,,,,,
true,613,bibleproject_shorts_ru,short,https://www.youtube.com/shorts/ShFSQMZ7o1c,📖 Притчи 13:5-6 в современном переводе,uk,ICOC Insights,https://www.youtube.com/@biblevisionru/shorts,,,,,
true,614,bibleproject_shorts_ru,short,https://www.youtube.com/shorts/9qD7oYSIXHY,📖 Psalm 121:5-6 in modern translation,en,ICOC Insights,https://www.youtube.com/@biblevisionru/shorts,,,,,
true,615,bibleproject_shorts_ru,short,https://www.youtube.com/shorts/t4xNozsUN5Y,📖 Ephesians 4:27-28 in modern translation,en,ICOC Insights,https://www.youtube.com/@biblevisionru/shorts,,,,,
true,616,bibleproject_shorts_ru,short,https://www.youtube.com/shorts/QgSS0l6EDgw,📖 Притчи 13:3 в современном переводе,uk,ICOC Insights,https://www.youtube.com/@biblevisionru/shorts,,,,,
true,617,bibleproject_shorts_ru,short,https://www.youtube.com/shorts/kSG2lmUz4-I,📖 Притчи 15:18-24 в современном переводе,uk,ICOC Insights,https://www.youtube.com/@biblevisionru/shorts,,,,,
true,618,bibleproject_shorts_ru,short,https://www.youtube.com/shorts/5D468Ku8xPk,📖 James 2:8-10 in modern translation,en,ICOC Insights,https://www.youtube.com/@biblevisionru/shorts,,,,,
true,619,bibleproject_shorts_ru,short,https://www.youtube.com/shorts/-vt9ZFgQ6dQ,📖 Psalm 121:5-6 in modern translation,en,ICOC Insights,https://www.youtube.com/@biblevisionru/shorts,,,,,
true,620,bibleproject_shorts_ru,short,https://www.youtube.com/shorts/HS_YGpNZaB0,📖 Ефесянам 4:25-26 в современном переводе,uk,ICOC Insights,https://www.youtube.com/@biblevisionru/shorts,,,,,
true,621,bibleproject_shorts_ru,short,https://www.youtube.com/shorts/IUdjD8D7qHk,📖 Иакова 1:27 в современном переводе,uk,ICOC Insights,https://www.youtube.com/@biblevisionru/shorts,,,,,
true,622,bibleproject_shorts_ru,short,https://www.youtube.com/shorts/Yh4a2u2ke1E,📖 Притчи 15:12-17 в современном переводе,uk,ICOC Insights,https://www.youtube.com/@biblevisionru/shorts,,,,,
true,623,bibleproject_shorts_ru,short,https://www.youtube.com/shorts/ppfU3CdvYao,📖 Иакова 1:23-24 в современном переводе,uk,ICOC Insights,https://www.youtube.com/@biblevisionru/shorts,,,,,
true,624,bibleproject_shorts_ru,short,https://www.youtube.com/shorts/mqpiDZIrAjI,📖 Псалом 120:1-2 в современном переводе,uk,ICOC Insights,https://www.youtube.com/@biblevisionru/shorts,,,,,
true,625,bibleproject_shorts_ru,short,https://www.youtube.com/shorts/XwLgb26aVX8,📖 Ефесянам 4:23-24 в современном переводе,uk,ICOC Insights,https://www.youtube.com/@biblevisionru/shorts,,,,,
true,626,bibleproject_shorts_ru,short,https://www.youtube.com/shorts/Qr_9U8NZekY,📖 Иакова 1:19-20 в современном переводе,uk,ICOC Insights,https://www.youtube.com/@biblevisionru/shorts,,,,,
true,627,bibleproject_shorts_ru,short,https://www.youtube.com/shorts/D8MJs3Z7NTk,📖 Притчи 15:7-11 в современном переводе,uk,ICOC Insights,https://www.youtube.com/@biblevisionru/shorts,,,,,
true,628,bibleproject_shorts_ru,short,https://www.youtube.com/shorts/_TvN5KzlrT0,📖 Иакова 1:17 в современном переводе,uk,ICOC Insights,https://www.youtube.com/@biblevisionru/shorts,,,,,
true,629,bibleproject_shorts_ru,short,https://www.youtube.com/shorts/CKXF2TTg8oM,📖 Псалом 42:5 в современном переводе,uk,ICOC Insights,https://www.youtube.com/@biblevisionru/shorts,,,,,
true,630,bibleproject_shorts_ru,short,https://www.youtube.com/shorts/rqnG_Q8Cu1k,📖 Ephesians 4:1-2 in modern translation,en,ICOC Insights,https://www.youtube.com/@biblevisionru/shorts,,,,,
true,631,bibleproject_shorts_ru,short,https://www.youtube.com/shorts/nvd8CxhRrq8,📖 Иакова 1:12 в современном переводе,uk,ICOC Insights,https://www.youtube.com/@biblevisionru/shorts,,,,,
true,632,bibleproject_shorts_ru,short,https://www.youtube.com/shorts/vrM6EE5evYQ,📖 Притчи 15:1-6 в современном переводе,uk,ICOC Insights,https://www.youtube.com/@biblevisionru/shorts,,,,,
true,633,bibleproject_shorts_ru,short,https://www.youtube.com/shorts/w-TX46_jykM,📖 Иакова 1:5 в современном переводе,uk,ICOC Insights,https://www.youtube.com/@biblevisionru/shorts,,,,,
true,634,bibleproject_shorts_ru,short,https://www.youtube.com/shorts/yLD0DW4ge0o,📖 Псалом 22:1-2 в современном переводе,uk,ICOC Insights,https://www.youtube.com/@biblevisionru/shorts,,,,,
true,635,bibleproject_shorts_ru,short,https://www.youtube.com/shorts/v6XCivSE750,📖 Притчи 14:31-35 в современном переводе,uk,ICOC Insights,https://www.youtube.com/@biblevisionru/shorts,,,,,
true,636,bibleproject_shorts_ru,short,https://www.youtube.com/shorts/3wNs9gNxdz0,📖 Псалом 90:1-2 в современном переводе,uk,ICOC Insights,https://www.youtube.com/@biblevisionru/shorts,,,,,
true,637,bibleproject_shorts_ru,short,https://www.youtube.com/shorts/aBdSVK78cuo,📖 Притчи 14:26-30 в современном переводе,uk,ICOC Insights,https://www.youtube.com/@biblevisionru/shorts,,,,,
true,638,bibleproject_shorts_ru,short,https://www.youtube.com/shorts/vaCHUgne83s,📖 Притчи 14:18-25 в современном переводе,uk,ICOC Insights,https://www.youtube.com/@biblevisionru/shorts,,,,,
true,639,bibleproject_shorts_ru,short,https://www.youtube.com/shorts/_BVA6xrkywQ,📖 Псалом 125:3-6 в современном переводе,uk,ICOC Insights,https://www.youtube.com/@biblevisionru/shorts,,,,,
true,640,bibleproject_shorts_ru,short,https://www.youtube.com/shorts/gHW2nlaDy9A,📖 Притчи 14:13-17 в современном переводе,uk,ICOC Insights,https://www.youtube.com/@biblevisionru/shorts,,,,,
true,641,bibleproject_shorts_ru,short,https://www.youtube.com/shorts/OpIyQUk0_LI,📖 Псалом 102:1 в современном переводе,uk,ICOC Insights,https://www.youtube.com/@biblevisionru/shorts,,,,,
true,642,bibleproject_shorts_ru,short,https://www.youtube.com/shorts/ib0oOwzyIgM,📖 Притчи 14:7-12 в современном переводе,uk,ICOC Insights,https://www.youtube.com/@biblevisionru/shorts,,,,,
true,643,bibleproject_shorts_ru,short,https://www.youtube.com/shorts/8BKE3wEEbbA,📖 Притчи 14:1-6 в современном переводе,uk,ICOC Insights,https://www.youtube.com/@biblevisionru/shorts,,,,,
true,644,bibleproject_shorts_ru,short,https://www.youtube.com/shorts/91b9b1nY6AI,📖 Псалом 125:1-2 в современном переводе,uk,ICOC Insights,https://www.youtube.com/@biblevisionru/shorts,,,,,
true,645,bibleproject_shorts_ru,short,https://www.youtube.com/shorts/V4pxj-0PxjM,📖 Притчи 13:21-26 в современном переводе,uk,ICOC Insights,https://www.youtube.com/@biblevisionru/shorts,,,,,
true,646,bibleproject_shorts_ru,short,https://www.youtube.com/shorts/PwFiOlGI0L8,📖 Иакова 2:23-26 в современном переводе,uk,ICOC Insights,https://www.youtube.com/@biblevisionru/shorts,,,,,
true,647,bibleproject_shorts_ru,short,https://www.youtube.com/shorts/piCcCML9OLM,📖 Ефесянам 4:27-32 в современном переводе,uk,ICOC Insights,https://www.youtube.com/@biblevisionru/shorts,,,,,
true,648,bibleproject_shorts_ru,short,https://www.youtube.com/shorts/_8gn-0GW3o0,📖 Притчи 13:15-20 в современном переводе,uk,ICOC Insights,https://www.youtube.com/@biblevisionru/shorts,,,,,
true,649,bibleproject_shorts_ru,short,https://www.youtube.com/shorts/iAG3HmkLMNM,📖 Иакова 2:18-22 в современном переводе,uk,ICOC Insights,https://www.youtube.com/@biblevisionru/shorts,,,,,
true,650,bibleproject_shorts_ru,short,https://www.youtube.com/shorts/eB2ah87tyAc,📖 Откровение 21:23-27 в современном переводе,uk,ICOC Insights,https://www.youtube.com/@biblevisionru/shorts,,,,,
true,651,bibleproject_shorts_ru,short,https://www.youtube.com/shorts/GyR5577fCaY,📖 Иакова 2:14-17 в современном переводе,uk,ICOC Insights,https://www.youtube.com/@biblevisionru/shorts,,,,,
true,652,bibleproject_shorts_ru,short,https://www.youtube.com/shorts/1isbuusI2XY,📖 Притчи 13:9-13 в современном переводе,uk,ICOC Insights,https://www.youtube.com/@biblevisionru/shorts,,,,,
true,653,bibleproject_shorts_ru,short,https://www.youtube.com/shorts/hx-SL_G396s,📖 Ефесянам 4:20-26 в современном переводе,uk,ICOC Insights,https://www.youtube.com/@biblevisionru/shorts,,,,,
true,654,bibleproject_shorts_ru,short,https://www.youtube.com/shorts/jHV1SqaavWs,📖 Откровение 21:5-8 в современном переводе,uk,ICOC Insights,https://www.youtube.com/@biblevisionru/shorts,,,,,
true,655,bibleproject_shorts_ru,short,https://www.youtube.com/shorts/mTW3Sj-8XwE,📖 Иакова 2:11-13 в современном переводе,uk,ICOC Insights,https://www.youtube.com/@biblevisionru/shorts,,,,,
true,656,bibleproject_shorts_ru,short,https://www.youtube.com/shorts/8i2UzvrzOuU,📖 Притчи 13:1-8 в современном переводе,uk,ICOC Insights,https://www.youtube.com/@biblevisionru/shorts,,,,,
true,657,bibleproject_shorts_ru,short,https://www.youtube.com/shorts/TsrGNkwD_6E,📖 Евангелие от Ефесянам 4:17-19 в современном переводе,uk,ICOC Insights,https://www.youtube.com/@biblevisionru/shorts,,,,,
true,658,bibleproject_shorts_ru,short,https://www.youtube.com/shorts/nqa1MjVtE10,📖 Revelation 21:1-4 in modern translation,en,ICOC Insights,https://www.youtube.com/@biblevisionru/shorts,,,,,
true,659,bibleproject_shorts_ru,short,https://www.youtube.com/shorts/LxGTKwX2tYE,📖 Иакова 2:5-10 в современном переводе,uk,ICOC Insights,https://www.youtube.com/@biblevisionru/shorts,,,,,
true,660,bibleproject_shorts_ru,short,https://www.youtube.com/shorts/gUYehHIjKY8,📖 Ephesians 4:14-16 in modern translation,en,ICOC Insights,https://www.youtube.com/@biblevisionru/shorts,,,,,
true,661,bibleproject_shorts_ru,short,https://www.youtube.com/shorts/HO7Qmqa30Io,📖 Псалом 120:5-8 в современном переводе,uk,ICOC Insights,https://www.youtube.com/@biblevisionru/shorts,,,,,
true,662,bibleproject_shorts_ru,short,https://www.youtube.com/shorts/_nyr-xpKGyo,📖 Иакова 2:1-4 в современном переводе,uk,ICOC Insights,https://www.youtube.com/@biblevisionru/shorts,,,,,
true,663,bibleproject_shorts_ru,short,https://www.youtube.com/shorts/ZfMcQJ_VgpI,📖 Ефесянам 4:7-13 в современном переводе,uk,ICOC Insights,https://www.youtube.com/@biblevisionru/shorts,,,,,
true,664,bibleproject_shorts_ru,short,https://www.youtube.com/shorts/4EEAWU1WNOU,📖 Psalm 120:1-4 in modern translation,en,ICOC Insights,https://www.youtube.com/@biblevisionru/shorts,,,,,
true,665,bibleproject_shorts_ru,short,https://www.youtube.com/shorts/eqzV4Nh7wCs,📖 Псалом 42:4-5 в современном переводе,uk,ICOC Insights,https://www.youtube.com/@biblevisionru/shorts,,,,,
true,666,bibleproject_shorts_ru,short,https://www.youtube.com/shorts/vGt34GRofaM,📖 Евангелие от Матфея 3:13-17 в современном переводе,uk,ICOC Insights,https://www.youtube.com/@biblevisionru/shorts,,,,,
true,667,bibleproject_shorts_ru,short,https://www.youtube.com/shorts/h-rhIYndSxg,📖 Псалом 42:1-3 в современном переводе,uk,ICOC Insights,https://www.youtube.com/@biblevisionru/shorts,,,,,
true,668,bibleproject_shorts_ru,short,https://www.youtube.com/shorts/AtiSAhGub1I,📖 Ефесянам 4:1-6 в современном переводе,uk,ICOC Insights,https://www.youtube.com/@biblevisionru/shorts,,,,,
true,669,bibleproject_shorts_ru,short,https://www.youtube.com/shorts/Tga9BfWhLwc,📖 Евангелие от Матфея 3:8-12 в современном переводе,uk,ICOC Insights,https://www.youtube.com/@biblevisionru/shorts,,,,,
true,670,bibleproject_shorts_ru,short,https://www.youtube.com/shorts/xVf7I8eAjB4,📖 Иова 39:9-18 современный перевод #Shorts,ru,ICOC Insights,https://www.youtube.com/@biblevisionru/shorts,,,,,
true,671,bibleproject_shorts_ru,short,https://www.youtube.com/shorts/lzFyI8be-aU,📖 Иова 39:1-8 современный перевод #Shorts,ru,ICOC Insights,https://www.youtube.com/@biblevisionru/shorts,,,,,
true,672,bibleproject_shorts_ru,short,https://www.youtube.com/shorts/f2gj0trqFLY,📖 Иова 38:31-41 современный перевод #Shorts,ru,ICOC Insights,https://www.youtube.com/@biblevisionru/shorts,,,,,
true,673,bibleproject_shorts_ru,short,https://www.youtube.com/shorts/l1mGgHdm728,📖 Иова 38:22-30 современный перевод #Shorts,ru,ICOC Insights,https://www.youtube.com/@biblevisionru/shorts,,,,,
true,674,bibleproject_shorts_ru,short,https://www.youtube.com/shorts/h2uUVUyWKR8,📖 Иова 38:12-21 современный перевод #Shorts,ru,ICOC Insights,https://www.youtube.com/@biblevisionru/shorts,,,,,
true,675,bibleproject_shorts_ru,short,https://www.youtube.com/shorts/eRLfeE5h3Rw,📖 Иова 38:1-11 современный перевод #Shorts,ru,ICOC Insights,https://www.youtube.com/@biblevisionru/shorts,,,,,
true,676,bibleproject_shorts_ru,short,https://www.youtube.com/shorts/6p08L04iaAg,📖 Притчи 1:26-33 современный перевод #Shorts,ru,ICOC Insights,https://www.youtube.com/@biblevisionru/shorts,,,,,
true,677,bibleproject_shorts_ru,short,https://www.youtube.com/shorts/AKA8gEe7f4I,📖 Proverbs 1:17-25 modern translation #Shorts,en,ICOC Insights,https://www.youtube.com/@biblevisionru/shorts,,,,,
true,678,bibleproject_shorts_ru,short,https://www.youtube.com/shorts/_hkmdsS6Gos,📖 Притчи 1:8-16 современный перевод #Shorts,ru,ICOC Insights,https://www.youtube.com/@biblevisionru/shorts,,,,,
true,679,bibleproject_shorts_ru,short,https://www.youtube.com/shorts/nwYYGjogDT8,📖 Притчи 1:2-7 современный перевод #Shorts,ru,ICOC Insights,https://www.youtube.com/@biblevisionru/shorts,,,,,
true,680,bibleproject_shorts_ru,short,https://www.youtube.com/shorts/8YW3p-FRt5Q,📖 Иакова 1:15-21 современный перевод #Shorts,ru,ICOC Insights,https://www.youtube.com/@biblevisionru/shorts,,,,,
true,681,bibleproject_shorts_ru,short,https://www.youtube.com/shorts/qBn_J24mY88,📖 Иакова 1:8-14 современный перевод #Shorts,ru,ICOC Insights,https://www.youtube.com/@biblevisionru/shorts,,,,,
true,682,bibleproject_shorts_ru,short,https://www.youtube.com/shorts/kUoyR6lwl3Q,📖 Иакова 1:1-7 современный перевод #Shorts,ru,ICOC Insights,https://www.youtube.com/@biblevisionru/shorts,,,,,
true,683,bibleproject_shorts_ru,short,https://www.youtube.com/shorts/4b-G4yANh1Q,📖 2 Фессалоникийцам 3:13-18 современный перевод #Shorts,ru,ICOC Insights,https://www.youtube.com/@biblevisionru/shorts,,,,,
true,684,bibleproject_shorts_ru,short,https://www.youtube.com/shorts/rpv4k7P2gQY,📖 2 Фессалоникийцам 3:7-12 современный перевод #Shorts,ru,ICOC Insights,https://www.youtube.com/@biblevisionru/shorts,,,,,
true,685,bibleproject_shorts_ru,short,https://www.youtube.com/shorts/o1Psv2VCKQc,📖 Даниила 2:46-49 современный перевод #Shorts,ru,ICOC Insights,https://www.youtube.com/@biblevisionru/shorts,,,,,
true,686,bibleproject_shorts_ru,short,https://www.youtube.com/shorts/KPzASu3s5RE,📖 Даниила 2:44-45 современный перевод #Shorts,ru,ICOC Insights,https://www.youtube.com/@biblevisionru/shorts,,,,,
true,687,bibleproject_shorts_ru,short,https://www.youtube.com/shorts/fJO31ACn3Eg,📖 Даниила 2:40-43 современный перевод #Shorts,ru,ICOC Insights,https://www.youtube.com/@biblevisionru/shorts,,,,,
true,688,bibleproject_shorts_ru,short,https://www.youtube.com/shorts/HgmC00OolDw,📖 Даниила 2:36-39 современный перевод #Shorts,ru,ICOC Insights,https://www.youtube.com/@biblevisionru/shorts,,,,,
true,689,bibleproject_shorts_ru,short,https://www.youtube.com/shorts/nnoOdidcvGg,📖 Даниила 2:31-35 современный перевод #Shorts,ru,ICOC Insights,https://www.youtube.com/@biblevisionru/shorts,,,,,
true,690,bibleproject_shorts_ru,short,https://www.youtube.com/shorts/qn8OU6jIJ2Q,📖 Даниила 2:28-30 современный перевод #Shorts,ru,ICOC Insights,https://www.youtube.com/@biblevisionru/shorts,,,,,
true,691,bibleproject_shorts_ru,short,https://www.youtube.com/shorts/4M9ITnpQMmI,📖 Даниила 2:24-27 современный перевод #Shorts,ru,ICOC Insights,https://www.youtube.com/@biblevisionru/shorts,,,,,
true,692,bibleproject_shorts_ru,short,https://www.youtube.com/shorts/Gbi9_Bzd7LM,📖 Даниила 2:19-23 современный перевод #Shorts,ru,ICOC Insights,https://www.youtube.com/@biblevisionru/shorts,,,,,
true,693,bibleproject_shorts_ru,short,https://www.youtube.com/shorts/Y1KnNN-aenQ,📖 Даниила 2:12-18 современный перевод #Shorts,ru,ICOC Insights,https://www.youtube.com/@biblevisionru/shorts,,,,,
true,694,bibleproject_shorts_ru,short,https://www.youtube.com/shorts/EOomzt8l8tM,📖 Даниила 2:7-11 современный перевод #Shorts,ru,ICOC Insights,https://www.youtube.com/@biblevisionru/shorts,,,,,
true,695,bibleproject_shorts_ru,short,https://www.youtube.com/shorts/R37YuSyFJLw,📖 Даниила 2:1-6 современный перевод #Shorts,ru,ICOC Insights,https://www.youtube.com/@biblevisionru/shorts,,,,,
true,696,bibleproject_shorts_ru,short,https://www.youtube.com/shorts/7WZ22KZs-eI,📖 Марка 1:40-45 современный перевод #Shorts,ru,ICOC Insights,https://www.youtube.com/@biblevisionru/shorts,,,,,
true,697,bibleproject_shorts_ru,short,https://www.youtube.com/shorts/eilf3MaEFYg,📖 Марка 1:35-39 современный перевод #Shorts,ru,ICOC Insights,https://www.youtube.com/@biblevisionru/shorts,,,,,
true,698,bibleproject_shorts_ru,short,https://www.youtube.com/shorts/h9rX-sJK3b0,📖 Марка 1:29-34 современный перевод #Shorts,ru,ICOC Insights,https://www.youtube.com/@biblevisionru/shorts,,,,,
true,699,bibleproject_shorts_ru,short,https://www.youtube.com/shorts/KmYOSmEl1js,📖 Марка 1:21-28 современный перевод #Shorts,ru,ICOC Insights,https://www.youtube.com/@biblevisionru/shorts,,,,,
true,700,bibleproject_shorts_ru,short,https://www.youtube.com/shorts/ltMRpdMbZMA,📖 Марка 1:14-20 современный перевод #Shorts,ru,ICOC Insights,https://www.youtube.com/@biblevisionru/shorts,,,,,
true,701,bibleproject_shorts_ru,short,https://www.youtube.com/shorts/1ykVvDk4d9w,📖 Марка 1:7-13 современный перевод #Shorts,ru,ICOC Insights,https://www.youtube.com/@biblevisionru/shorts,,,,,
true,702,bibleproject_shorts_ru,short,https://www.youtube.com/shorts/V8xiGh6ca_g,📖 Марка 1:1-6 современный перевод #Shorts,ru,ICOC Insights,https://www.youtube.com/@biblevisionru/shorts,,,,,
true,703,bibleproject_shorts_ru,short,https://www.youtube.com/shorts/4V4OH8mO19s,📖 Притчи 24:17-22 современный перевод #Shorts,ru,ICOC Insights,https://www.youtube.com/@biblevisionru/shorts,,,,,
true,704,bibleproject_shorts_ru,short,https://www.youtube.com/shorts/0dttxMB9E3g,📖 Притчи 24:11-16 современный перевод #Shorts,ru,ICOC Insights,https://www.youtube.com/@biblevisionru/shorts,,,,,
true,705,bibleproject_shorts_ru,short,https://www.youtube.com/shorts/aHPaII3iyWc,📖 Притчи 24:1-10 современный перевод #Shorts,ru,ICOC Insights,https://www.youtube.com/@biblevisionru/shorts,,,,,
true,706,bibleproject_shorts_ru,short,https://www.youtube.com/shorts/9bwCoGxCgi8,📖 Притчи 23:29-35 современный перевод #Shorts,ru,ICOC Insights,https://www.youtube.com/@biblevisionru/shorts,,,,,
true,707,bibleproject_shorts_ru,short,https://www.youtube.com/shorts/HecxugUqt7k,📖 Притчи 23:9-18 современный перевод #Shorts,ru,ICOC Insights,https://www.youtube.com/@biblevisionru/shorts,,,,,
true,708,bibleproject_shorts_ru,short,https://www.youtube.com/shorts/0XMPVnh3dho,📖 Притчи 23:1-8 современный перевод #Shorts,ru,ICOC Insights,https://www.youtube.com/@biblevisionru/shorts,,,,,
true,709,bibleproject_shorts_ru,short,https://www.youtube.com/shorts/LcxP7BKwi04,📖 Притчи 22:24-29 современный перевод #Shorts,ru,ICOC Insights,https://www.youtube.com/@biblevisionru/shorts,,,,,
true,710,bibleproject_shorts_ru,short,https://www.youtube.com/shorts/p9UfZxF34UI,📖 Притчи 22:17-23 современный перевод #Shorts,ru,ICOC Insights,https://www.youtube.com/@biblevisionru/shorts,,,,,
true,711,bibleproject_shorts_ru,short,https://www.youtube.com/shorts/auS4JTHQpPM,📖 Псалом 15:7-11 современный перевод #Shorts,ru,ICOC Insights,https://www.youtube.com/@biblevisionru/shorts,,,,,
true,712,bibleproject_shorts_ru,short,https://www.youtube.com/shorts/VkGuUjzWRjI,📖 Псалом 15:1-6 современный перевод #Shorts,ru,ICOC Insights,https://www.youtube.com/@biblevisionru/shorts,,,,,
true,713,bibleproject_shorts_ru,short,https://www.youtube.com/shorts/1Cwz6drKy68,📖 Откровение 4:9-11 современный перевод #Shorts,ru,ICOC Insights,https://www.youtube.com/@biblevisionru/shorts,,,,,
true,714,bibleproject_shorts_ru,short,https://www.youtube.com/shorts/uHmPh2cvKVs,📖 Откровение 4:5-8 современный перевод #Shorts,ru,ICOC Insights,https://www.youtube.com/@biblevisionru/shorts,,,,,
true,715,bibleproject_shorts_ru,short,https://www.youtube.com/shorts/mmdPCP9x2Lw,📖 Откровение 4:1-4 современный перевод #Shorts,ru,ICOC Insights,https://www.youtube.com/@biblevisionru/shorts,,,,,
true,716,bibleproject_shorts_ru,short,https://www.youtube.com/shorts/vC9BmKz5CYQ,📖 Псалом 14 современный перевод #Shorts,ru,ICOC Insights,https://www.youtube.com/@biblevisionru/shorts,,,,,
true,717,bibleproject_shorts_ru,short,https://www.youtube.com/shorts/PFkVEs3KB9o,📖 Псалом 111:5-10 современный перевод #Shorts,ru,ICOC Insights,https://www.youtube.com/@biblevisionru/shorts,,,,,
true,718,bibleproject_shorts_ru,short,https://www.youtube.com/shorts/0UyT4jOWckY,📖 Псалом 111:1-4 современный перевод #Shorts,ru,ICOC Insights,https://www.youtube.com/@biblevisionru/shorts,,,,,
true,719,bibleproject_shorts_ru,short,https://www.youtube.com/shorts/ujp7cAKMutM,📖 Psalm 13 modern translation #Shorts,en,ICOC Insights,https://www.youtube.com/@biblevisionru/shorts,,,,,
true,720,bibleproject_shorts_ru,short,https://www.youtube.com/shorts/o9yXDlIwBEU,📖 Псалом 12 современный перевод #Shorts,ru,ICOC Insights,https://www.youtube.com/@biblevisionru/shorts,,,,,
true,721,bibleproject_shorts_ru,short,https://www.youtube.com/shorts/1buCSybWUIA,📖 Псалом 110:6-10 современный перевод #Shorts,ru,ICOC Insights,https://www.youtube.com/@biblevisionru/shorts,,,,,
true,722,bibleproject_shorts_ru,short,https://www.youtube.com/shorts/HEoAIluJyow,📖 Псалом 110:1-5 современный перевод #Shorts,ru,ICOC Insights,https://www.youtube.com/@biblevisionru/shorts,,,,,
true,723,bibleproject_shorts_ru,short,https://www.youtube.com/shorts/iHnOnUXOkJU,📖 Псалом 11 современный перевод #Shorts,ru,ICOC Insights,https://www.youtube.com/@biblevisionru/shorts,,,,,
true,724,bibleproject_shorts_ru,short,https://www.youtube.com/shorts/GhzOhoc2LBg,📖 Псалом 9:33-39 современный перевод #Shorts,ru,ICOC Insights,https://www.youtube.com/@biblevisionru/shorts,,,,,
true,725,bibleproject_shorts_ru,short,https://www.youtube.com/shorts/al6HMuBoBxU,📖 Псалом 9:28-32 современный перевод #Shorts,ru,ICOC Insights,https://www.youtube.com/@biblevisionru/shorts,,,,,
true,726,bibleproject_shorts_ru,short,https://www.youtube.com/shorts/2n1JtW6drZU,📖 Псалом 9:22-27 современный перевод #Shorts,ru,ICOC Insights,https://www.youtube.com/@biblevisionru/shorts,,,,,
true,727,bibleproject_shorts_ru,short,https://www.youtube.com/shorts/gXu_LlEtXkg,📖 Псалом 9:15-21 современный перевод #Shorts,ru,ICOC Insights,https://www.youtube.com/@biblevisionru/shorts,,,,,
true,728,bibleproject_shorts_ru,short,https://www.youtube.com/shorts/GPD8ARyIv8g,📖 Псалом 9:8-14 современный перевод #Shorts,ru,ICOC Insights,https://www.youtube.com/@biblevisionru/shorts,,,,,
true,729,bibleproject_shorts_ru,short,https://www.youtube.com/shorts/gwUvapRez6Y,📖 Псалом 9:2-7 современный перевод #Shorts,ru,ICOC Insights,https://www.youtube.com/@biblevisionru/shorts,,,,,
true,730,bibleproject_shorts_ru,short,https://www.youtube.com/shorts/vJDLlOeN720,📖 Псалом 4:5-9 современный перевод #Shorts,ru,ICOC Insights,https://www.youtube.com/@biblevisionru/shorts,,,,,
true,731,bibleproject_shorts_ru,short,https://www.youtube.com/shorts/GVldmWpqrcA,📖 Псалом 4:2-4 современный перевод #Shorts,ru,ICOC Insights,https://www.youtube.com/@biblevisionru/shorts,,,,,
true,732,bibleproject_shorts_ru,short,https://www.youtube.com/shorts/p9vhtV3b1L4,📖 Псалом 8 современный перевод #Shorts,ru,ICOC Insights,https://www.youtube.com/@biblevisionru/shorts,,,,,
true,733,bibleproject_shorts_ru,short,https://www.youtube.com/shorts/ZW9C-mrk50w,📖 Psalm 112 modern translation #Shorts,en,ICOC Insights,https://www.youtube.com/@biblevisionru/shorts,,,,,
true,734,bibleproject_shorts_ru,short,https://www.youtube.com/shorts/NpdD2PhoxLo,📖 Псалом 10 современный перевод #Shorts,ru,ICOC Insights,https://www.youtube.com/@biblevisionru/shorts,,,,,
true,735,bibleproject_shorts_ru,short,https://www.youtube.com/shorts/9P20Wwvp78A,📖 Псалом 2:7-12 современный перевод #Shorts,ru,ICOC Insights,https://www.youtube.com/@biblevisionru/shorts,,,,,
true,736,bibleproject_shorts_ru,short,https://www.youtube.com/shorts/eEfFXAJyfnE,📖 Псалом 2:1-6 современный перевод #Shorts,ru,ICOC Insights,https://www.youtube.com/@biblevisionru/shorts,,,,,
true,737,bibleproject_shorts_ru,short,https://www.youtube.com/shorts/ETIfjyLEQ3k,📖 Psalm 7:9-18 modern translation #Shorts,en,ICOC Insights,https://www.youtube.com/@biblevisionru/shorts,,,,,
true,738,bibleproject_shorts_ru,short,https://www.youtube.com/shorts/j3sKq3wH3mc,📖 Псалом 7:2-8 современный перевод #Shorts,ru,ICOC Insights,https://www.youtube.com/@biblevisionru/shorts,,,,,
true,739,bibleproject_shorts_ru,short,https://www.youtube.com/shorts/I-W2ntFxNUA,📖 Псалом 6 современный перевод #Shorts,ru,ICOC Insights,https://www.youtube.com/@biblevisionru/shorts,,,,,
true,740,bibleproject_shorts_ru,short,https://www.youtube.com/shorts/ppESPR-hrGA,📖 Псалом 5:9-13 современный перевод #Shorts,ru,ICOC Insights,https://www.youtube.com/@biblevisionru/shorts,,,,,
true,741,bibleproject_shorts_ru,short,https://www.youtube.com/shorts/d8_dXS0TJk0,📖 Psalm 5:2-8 modern translation #Shorts,en,ICOC Insights,https://www.youtube.com/@biblevisionru/shorts,,,,,
true,742,bibleproject_shorts_ru,short,https://www.youtube.com/shorts/vFcb5tg6_fQ,📖 1 Коринфянам 15:55-58 современный перевод #Shorts,ru,ICOC Insights,https://www.youtube.com/@biblevisionru/shorts,,,,,
true,743,bibleproject_shorts_ru,short,https://www.youtube.com/shorts/QViGy-kDLJA,📖 1 Коринфянам 15:51-54 современный перевод #Shorts,ru,ICOC Insights,https://www.youtube.com/@biblevisionru/shorts,,,,,
true,744,bibleproject_shorts_ru,short,https://www.youtube.com/shorts/-c98mbBhEmw,📖 1 Коринфянам 15:49-50 современный перевод #Shorts,ru,ICOC Insights,https://www.youtube.com/@biblevisionru/shorts,,,,,
true,745,bibleproject_shorts_ru,short,https://www.youtube.com/shorts/DRQpq7U6Efw,📖 1 Коринфянам 15:42-48 современный перевод #Shorts,ru,ICOC Insights,https://www.youtube.com/@biblevisionru/shorts,,,,,
true,746,bibleproject_shorts_ru,short,https://www.youtube.com/shorts/dE1AynAgqMM,📖 1 Коринфянам 15:35-41 современный перевод #Shorts,ru,ICOC Insights,https://www.youtube.com/@biblevisionru/shorts,,,,,
true,747,bibleproject_shorts_ru,short,https://www.youtube.com/shorts/vtlzSq2iVxA,📖 1 Коринфянам 15:31-34 современный перевод #Shorts,ru,ICOC Insights,https://www.youtube.com/@biblevisionru/shorts,,,,,
true,748,bibleproject_shorts_ru,short,https://www.youtube.com/shorts/lbGiUrrcmnQ,📖 1 Коринфянам 15:26-30 современный перевод #Shorts,ru,ICOC Insights,https://www.youtube.com/@biblevisionru/shorts,,,,,
true,749,bibleproject_shorts_ru,short,https://www.youtube.com/shorts/d0X2ygsIsk4,📖 1 Коринфянам 15:20-25 современный перевод #Shorts,ru,ICOC Insights,https://www.youtube.com/@biblevisionru/shorts,,,,,
true,750,bibleproject_shorts_ru,short,https://www.youtube.com/shorts/-4D9Q6soHR8,📖 1 Коринфянам 15:13-19 современный перевод #Shorts,ru,ICOC Insights,https://www.youtube.com/@biblevisionru/shorts,,,,,
true,751,bibleproject_shorts_ru,short,https://www.youtube.com/shorts/mDj8wxoHQcc,📖 1 Коринфянам 15:10-12 современный перевод #Shorts,ru,ICOC Insights,https://www.youtube.com/@biblevisionru/shorts,,,,,
true,752,bibleproject_shorts_ru,short,https://www.youtube.com/shorts/Ir2jlS0VbvM,📖 1 Коринфянам 15:1-9 современный перевод #Shorts,ru,ICOC Insights,https://www.youtube.com/@biblevisionru/shorts,,,,,
true,753,bibleproject_shorts_ru,short,https://www.youtube.com/shorts/dnPBLt2803k,📖 Isaiah 40:28-31 modern translation #Shorts,en,ICOC Insights,https://www.youtube.com/@biblevisionru/shorts,,,,,
true,754,bibleproject_shorts_ru,short,https://www.youtube.com/shorts/wrQhi6g7CMc,📖 Псалом 26:7-14 современный перевод #Shorts,ru,ICOC Insights,https://www.youtube.com/@biblevisionru/shorts,,,,,
true,755,bibleproject_shorts_ru,short,https://www.youtube.com/shorts/-d8LWUTzJeM,📖 Псалом 26:1-6 современный перевод #Shorts,ru,ICOC Insights,https://www.youtube.com/@biblevisionru/shorts,,,,,
true,756,bibleproject_shorts_ru,short,https://www.youtube.com/shorts/bqOCplFU6eM,📖 Исаия 58:13-14 современный перевод #Shorts,ru,ICOC Insights,https://www.youtube.com/@biblevisionru/shorts,,,,,
true,757,bibleproject_shorts_ru,short,https://www.youtube.com/shorts/opYSOcMPLmw,📖 Исаия 58:9-12 современный перевод #Shorts,ru,ICOC Insights,https://www.youtube.com/@biblevisionru/shorts,,,,,
true,758,bibleproject_shorts_ru,short,https://www.youtube.com/shorts/-_DEdK4UQ0g,📖 Исаия 58:5-8 современный перевод #Shorts,ru,ICOC Insights,https://www.youtube.com/@biblevisionru/shorts,,,,,
true,759,bibleproject_shorts_ru,short,https://www.youtube.com/shorts/J90Wrm3F-3Y,📖 Исаия 58:1-4 современный перевод #Shorts,ru,ICOC Insights,https://www.youtube.com/@biblevisionru/shorts,,,,,
true,760,bibleproject_shorts_ru,short,https://www.youtube.com/shorts/e2qM4bvBNoQ,📖 Матфея 4:8-11 современный перевод #Shorts,ru,ICOC Insights,https://www.youtube.com/@biblevisionru/shorts,,,,,
true,761,bibleproject_shorts_ru,short,https://www.youtube.com/shorts/TKJNmBwSupg,📖 Матфея 4:5-7 современный перевод #Shorts,ru,ICOC Insights,https://www.youtube.com/@biblevisionru/shorts,,,,,
true,762,bibleproject_shorts_ru,short,https://www.youtube.com/shorts/-uZsj5HsH9o,📖 Матфея 4:1-4 современный перевод #Shorts,ru,ICOC Insights,https://www.youtube.com/@biblevisionru/shorts,,,,,
true,763,bibleproject_shorts_ru,short,https://www.youtube.com/shorts/tOpBSooX3Vk,📖 Псалом 3 современный перевод #Shorts,ru,ICOC Insights,https://www.youtube.com/@biblevisionru/shorts,,,,,
true,764,bibleproject_shorts_ru,short,https://www.youtube.com/shorts/8B75DI5CTlM,📖 Второзаконие 28:13-14 современный перевод #Shorts,ru,ICOC Insights,https://www.youtube.com/@biblevisionru/shorts,,,,,
true,765,bibleproject_shorts_ru,short,https://www.youtube.com/shorts/3RTX3rKHAeQ,📖 Второзаконие 28:11-12 современный перевод #Shorts,ru,ICOC Insights,https://www.youtube.com/@biblevisionru/shorts,,,,,
true,766,bibleproject_shorts_ru,short,https://www.youtube.com/shorts/bfhq0MssbHs,📖 Второзаконие 28:7-10 современный перевод #Shorts,ru,ICOC Insights,https://www.youtube.com/@biblevisionru/shorts,,,,,
true,767,bibleproject_shorts_ru,short,https://www.youtube.com/shorts/WNnM0i7N2jg,📖 Второзаконие 28:1-6 современный перевод #Shorts,ru,ICOC Insights,https://www.youtube.com/@biblevisionru/shorts,,,,,
true,768,bibleproject_shorts_ru,short,https://www.youtube.com/shorts/okOw3IelSgk,📖 Псалом 135:1-9 современный перевод #Shorts,ru,ICOC Insights,https://www.youtube.com/@biblevisionru/shorts,,,,,
true,769,bibleproject_shorts_ru,short,https://www.youtube.com/shorts/gg03ry0wIt8,📖 Псалом 138:17-24 современный перевод #Shorts,ru,ICOC Insights,https://www.youtube.com/@biblevisionru/shorts,,,,,
true,770,bibleproject_shorts_ru,short,https://www.youtube.com/shorts/kiSEqIN-d6s,📖 Псалом 138:8-16 современный перевод #Shorts,ru,ICOC Insights,https://www.youtube.com/@biblevisionru/shorts,,,,,
true,771,bibleproject_shorts_ru,short,https://www.youtube.com/shorts/-bx8d8wyvqo,📖 Псалом 138:1-7 современный перевод #Shorts,ru,ICOC Insights,https://www.youtube.com/@biblevisionru/shorts,,,,,
true,772,bibleproject_shorts_ru,short,https://www.youtube.com/shorts/5CdBEAZS1u8,📖 Бытие 1:24-25 современный перевод #Shorts,ru,ICOC Insights,https://www.youtube.com/@biblevisionru/shorts,,,,,
true,773,bibleproject_shorts_ru,short,https://www.youtube.com/shorts/ed08m9G1VEc,📖 Бытие 1:20-23 современный перевод #Shorts,ru,ICOC Insights,https://www.youtube.com/@biblevisionru/shorts,,,,,
true,774,bibleproject_shorts_ru,short,https://www.youtube.com/shorts/tly9nxO7w4Y,📖 Бытие 1:14-19 современный перевод #Shorts,ru,ICOC Insights,https://www.youtube.com/@biblevisionru/shorts,,,,,
true,775,bibleproject_shorts_ru,short,https://www.youtube.com/shorts/a-0eHaFTKQw,📖 Бытие 1:9-13 современный перевод #Shorts,ru,ICOC Insights,https://www.youtube.com/@biblevisionru/shorts,,,,,
true,776,bibleproject_shorts_ru,short,https://www.youtube.com/shorts/jWp9DxJbJnA,📖 Бытие 1:6-8 современный перевод #Shorts,ru,ICOC Insights,https://www.youtube.com/@biblevisionru/shorts,,,,,
true,777,bibleproject_shorts_ru,short,https://www.youtube.com/shorts/Zq_6Y3HvsqE,📖 Бытие 1:1-5 современный перевод #Shorts,ru,ICOC Insights,https://www.youtube.com/@biblevisionru/shorts,,,,,
true,778,bibleproject_shorts_ru,short,https://www.youtube.com/shorts/BDBKg0CfRC8,📖 Псалом 102:17-22 современный перевод #Shorts,ru,ICOC Insights,https://www.youtube.com/@biblevisionru/shorts,,,,,
true,779,bibleproject_shorts_ru,short,https://www.youtube.com/shorts/Yws9hRmJAQU,📖 Psalm 102:8-16 modern translation #Shorts,en,ICOC Insights,https://www.youtube.com/@biblevisionru/shorts,,,,,
true,780,bibleproject_shorts_ru,short,https://www.youtube.com/shorts/c1sOBc0OHbg,📖 Псалом 102:1-7 современный перевод #Shorts,ru,ICOC Insights,https://www.youtube.com/@biblevisionru/shorts,,,,,
true,781,bibleproject_shorts_ru,short,https://www.youtube.com/shorts/j0BLho1gTHM,📖 1 Коринфянам 13:11-13 современный перевод #Shorts,ru,ICOC Insights,https://www.youtube.com/@biblevisionru/shorts,,,,,
true,782,bibleproject_shorts_ru,short,https://www.youtube.com/shorts/1bRZqw4h3jE,📖 1 Коринфянам 13:4-10 современный перевод #Shorts,ru,ICOC Insights,https://www.youtube.com/@biblevisionru/shorts,,,,,
true,783,bibleproject_shorts_ru,short,https://www.youtube.com/shorts/EWOhJb4HF3Y,📖 1 Коринфянам 13:1-3 современный перевод #Shorts,ru,ICOC Insights,https://www.youtube.com/@biblevisionru/shorts,,,,,
true,784,bibleproject_shorts_ru,short,https://www.youtube.com/shorts/tCFWGKa_ZOU,📖 Исаия 53:11-12 современный перевод #Shorts,ru,ICOC Insights,https://www.youtube.com/@biblevisionru/shorts,,,,,
true,785,bibleproject_shorts_ru,short,https://www.youtube.com/shorts/-FQQKPz-_xg,📖 Исаия 53:6-10 современный перевод #Shorts,ru,ICOC Insights,https://www.youtube.com/@biblevisionru/shorts,,,,,
true,786,bibleproject_shorts_ru,short,https://www.youtube.com/shorts/KlreLcif74k,📖 Исаия 53:1-5 современный перевод #Shorts,ru,ICOC Insights,https://www.youtube.com/@biblevisionru/shorts,,,,,
true,787,bibleproject_shorts_ru,short,https://www.youtube.com/shorts/EOD8vG9iZV8,📖 Psalm 23 modern translation #Shorts,en,ICOC Insights,https://www.youtube.com/@biblevisionru/shorts,,,,,
true,788,bibleproject_shorts_ru,short,https://www.youtube.com/shorts/2XRrOk8h7ik,📖 Psalm 90:9-16 modern translation #Shorts,en,ICOC Insights,https://www.youtube.com/@biblevisionru/shorts,,,,,
true,789,bibleproject_shorts_ru,short,https://www.youtube.com/shorts/biMhfUNxvyE,Псалом 102:8-16 #Shorts,uk,ICOC Insights,https://www.youtube.com/@biblevisionru/shorts,,,,,
true,790,bibleproject_shorts_ru,short,https://www.youtube.com/shorts/WcwaKxtrraY,Бытие 1:9-13 #Shorts,ru,ICOC Insights,https://www.youtube.com/@biblevisionru/shorts,,,,,
true,791,bibleproject_shorts_ru,short,https://www.youtube.com/shorts/Y6ppUQHhlOg,Библия. Псалом 90:9-16 #Shorts,uk,ICOC Insights,https://www.youtube.com/@biblevisionru/shorts,,,,,
true,792,bibleproject_shorts_ru,short,https://www.youtube.com/shorts/w_LEMBZVbvY,Бытие 1:6-8 современный перевод #Shorts,ru,ICOC Insights,https://www.youtube.com/@biblevisionru/shorts,,,,,
true,793,bibleproject_shorts_ru,short,https://www.youtube.com/shorts/1KYp2brRmRA,Псалом 102:1-7 современный перевод #Shorts,ru,ICOC Insights,https://www.youtube.com/@biblevisionru/shorts,,,,,
true,794,bibleproject_shorts_ru,short,https://www.youtube.com/shorts/HPwKVvs2hb8,📖 Psalm 90:1-8 modern translation #Shorts,en,ICOC Insights,https://www.youtube.com/@biblevisionru/shorts,,,,,
true,795,bibleproject_shorts_ru,short,https://www.youtube.com/shorts/7e1NI5jZOLo,Бытие 1:1-5 в современном переводе #Shorts,ru,ICOC Insights,https://www.youtube.com/@biblevisionru/shorts,,,,,
true,796,bibleproject_shorts_ru,short,https://www.youtube.com/shorts/Mx6osuthJqc,Псалом 14 в современном переводе #Shorts,uk,ICOC Insights,https://www.youtube.com/@biblevisionru/shorts,,,,,
true,797,bibleproject_shorts_ru,short,https://www.youtube.com/shorts/ZoVNVex7QQM,Псалом 22 в современном переводе #Shorts,uk,ICOC Insights,https://www.youtube.com/@biblevisionru/shorts,,,,,
true,798,bibleproject_shorts_ru,short,https://www.youtube.com/shorts/Tv7I9LVu8fo,📖 Псалом 1 современный перевод #Shorts,ru,ICOC Insights,https://www.youtube.com/@biblevisionru/shorts,,,,,
